Date,AAPL,AMZN,GOOGL,MSFT,TSLA,XEQT.TO
2023-01-03,123.09600830078125,85.81999969482422,88.38946533203125,233.4528045654297,108.0999984741211,23.078266143798828
2023-01-04,124.36565399169922,85.13999938964844,87.35799407958984,223.2408447265625,113.63999938964844,23.0877628326416
2023-01-05,123.04682922363281,83.12000274658203,85.49339294433594,216.62448120117188,110.33999633789062,23.002323150634766
2023-01-06,127.5741958618164,86.08000183105469,86.6240463256836,219.17742919921875,113.05999755859375,23.296615600585938
2023-01-09,128.09585571289062,87.36000061035156,87.29846954345703,221.3114471435547,119.7699966430664,23.306108474731445
2023-01-10,128.6666717529297,89.87000274658203,87.69519805908203,222.9972381591797,118.8499984741211,23.45800018310547
2023-01-11,131.3831329345703,95.08999633789062,90.76979064941406,229.74021911621094,123.22000122070312,23.65736198425293
2023-01-12,131.30441284179688,95.2699966430664,90.38298797607422,232.41017150878906,123.55999755859375,23.79026985168457
2023-01-13,132.63311767578125,98.12000274658203,91.36487579345703,233.1117401123047,122.4000015258789,23.9516544342041
2023-01-16,,,,,,24.160503387451172
2023-01-17,133.7944793701172,96.05000305175781,90.54167175292969,234.20309448242188,131.49000549316406,23.989625930786133
2023-01-18,133.07598876953125,95.45999908447266,90.3730697631836,229.77920532226562,128.77999877929688,23.904186248779297
2023-01-19,133.1350555419922,93.68000030517578,92.2872543334961,225.99844360351562,127.16999816894531,23.771276473999023
2023-01-20,135.6940155029297,97.25,97.21650695800781,234.07643127441406,133.4199981689453,23.980134963989258
2023-01-23,138.88287353515625,97.5199966430664,98.97200012207031,236.37611389160156,143.75,24.170000076293945
2023-01-24,140.2804412841797,96.31999969482422,96.89913177490234,235.84988403320312,143.88999938964844,24.15101432800293
2023-01-25,139.6210479736328,97.18000030517578,94.43946075439453,234.4564666748047,144.42999267578125,24.207975387573242
2023-01-26,141.6879119873047,99.22000122070312,96.72061157226562,241.65745544433594,160.27000427246094,24.283920288085938
2023-01-27,143.6267547607422,102.23999786376953,98.5554428100586,241.81336975097656,177.89999389648438,24.293415069580078
2023-01-30,140.7430419921875,100.55000305175781,96.14537048339844,236.50277709960938,166.66000366210938,24.15101432800293
2023-01-31,142.01268005371094,103.12999725341797,98.02978515625,241.4722900390625,173.22000122070312,24.274429321289062
2023-02-01,143.13467407226562,105.1500015258789,99.60675811767578,246.2859649658203,181.41000366210938,24.45479965209961
2023-02-02,148.4396514892578,112.91000366210938,106.85681915283203,257.8328857421875,188.27000427246094,24.64466667175293
2023-02-03,152.06149291992188,103.38999938964844,103.92109680175781,251.7427978515625,189.97999572753906,24.587703704833984
2023-02-06,149.33523559570312,102.18000030517578,102.05651092529297,250.2031707763672,194.75999450683594,24.47378921508789
2023-02-07,152.20916748046875,102.11000061035156,106.75764465332031,260.7171936035156,196.80999755859375,24.616186141967773
2023-02-08,149.5222930908203,100.05000305175781,98.5554428100586,259.9084167480469,201.2899932861328,24.50226593017578
2023-02-09,148.48880004882812,98.23999786376953,94.2311782836914,256.8778991699219,207.32000732421875,24.397842407226562
2023-02-10,148.8535614013672,97.61000061035156,93.79479217529297,256.3713073730469,196.88999938964844,24.226959228515625
2023-02-13,151.6529998779297,99.54000091552734,93.83445739746094,264.3810729980469,194.63999938964844,24.42632293701172
2023-02-14,151.0122833251953,99.69999694824219,93.90389251708984,265.2093200683594,209.25,24.45479965209961
2023-02-15,153.11184692382812,101.16000366210938,96.14537048339844,263.0895080566406,214.24000549316406,24.55922508239746
2023-02-16,151.51498413085938,98.1500015258789,94.7270736694336,256.0853576660156,202.0399932861328,24.42632293701172
2023-02-17,150.3715362548828,97.19999694824219,93.57659149169922,252.0900115966797,208.30999755859375,24.407331466674805
2023-02-21,146.35968017578125,94.58000183105469,91.03758239746094,246.82470703125,197.3699951171875,24.094057083129883
2023-02-22,146.7835235595703,95.79000091552734,90.89872741699219,245.69154357910156,200.86000061035156,24.037094116210938
2023-02-23,147.26654052734375,95.81999969482422,90.14496612548828,248.87612915039062,202.07000732421875,24.122533798217773
2023-02-24,144.61497497558594,93.5,88.39938354492188,243.4545135498047,196.8800048828125,23.989625930786133
2023-02-27,145.8076629638672,93.76000213623047,89.13331604003906,244.372802734375,207.6300048828125,24.06557273864746
2023-02-28,145.304931640625,94.2300033569336,89.32174682617188,243.64987182617188,205.7100067138672,24.084562301635742
2023-03-01,143.23495483398438,92.16999816894531,89.61930084228516,240.57275390625,202.77000427246094,24.046585083007812
2023-03-02,143.82640075683594,92.12999725341797,91.24585723876953,245.30078125,190.89999389648438,24.15101432800293
2023-03-03,148.8732452392578,94.9000015258789,92.88232421875,249.38409423828125,197.7899932861328,24.492773056030273
2023-03-06,151.63328552246094,93.75,94.35018920898438,250.92752075195312,193.80999755859375,24.47378921508789
2023-03-07,149.43508911132812,93.55000305175781,93.0905990600586,248.2704620361328,187.7100067138672,24.302907943725586
2023-03-08,150.6869659423828,93.91999816894531,93.47740173339844,247.83084106445312,182.0,24.407331466674805
2023-03-09,148.43954467773438,92.25,91.56321716308594,246.48280334472656,172.9199981689453,24.13202667236328
2023-03-10,146.37936401367188,90.7300033569336,89.8870849609375,242.83908081054688,173.44000244140625,23.771276473999023
2023-03-13,148.3212432861328,92.43000030517578,90.3631591796875,248.04576110839844,174.47999572753906,23.52445411682129
2023-03-14,150.4109649658203,94.87999725341797,93.19970703125,254.75686645507812,183.25999450683594,23.733308792114258
2023-03-15,150.80526733398438,96.19999694824219,95.32215881347656,259.29925537109375,180.4499969482422,23.401044845581055
2023-03-16,153.62442016601562,100.04000091552734,99.49765014648438,269.8104248046875,184.1300048828125,23.752294540405273
2023-03-17,152.78656005859375,98.94999694824219,100.78700256347656,272.9656677246094,180.1300048828125,23.486480712890625
2023-03-20,155.1522979736328,97.70999908447266,100.39027404785156,265.9322509765625,183.25,23.63837432861328
2023-03-21,157.00546264648438,100.61000061035156,104.05995178222656,267.44635009765625,197.5800018310547,23.99912452697754
2023-03-22,155.57615661621094,98.69999694824219,102.52265167236328,265.9908447265625,191.14999389648438,23.759052276611328
2023-03-23,156.66043090820312,98.70999908447266,104.734375,271.2366027832031,192.22000122070312,23.759052276611328
2023-03-24,157.96160888671875,98.12999725341797,104.57569122314453,274.07928466796875,190.41000366210938,23.84479331970215
2023-03-27,156.01971435546875,98.04000091552734,101.62010192871094,269.9862060546875,191.80999755859375,23.85431480407715
2023-03-28,155.398681640625,97.23999786376953,100.20183563232422,268.8628234863281,189.19000244140625,23.778106689453125
2023-03-29,158.47418212890625,100.25,100.55888366699219,274.0206604003906,193.8800048828125,24.016267776489258
2023-03-30,160.04148864746094,102.0,100.06298065185547,277.4787902832031,195.27999877929688,24.130584716796875
2023-03-31,162.54518127441406,103.29000091552734,102.87970733642578,281.6304016113281,207.4600067138672,24.359224319458008
2023-04-03,163.79705810546875,102.41000366210938,103.5045394897461,280.585205078125,194.77000427246094,24.37827491760254
2023-04-04,163.26475524902344,103.94999694824219,103.86158752441406,280.5363464355469,192.5800018310547,24.330644607543945
2023-04-05,161.4214630126953,101.0999984741211,103.61363220214844,277.7621154785156,185.52000427246094,24.22585105895996
2023-04-06,162.30865478515625,102.05999755859375,107.53126525878906,284.8541259765625,185.05999755859375,24.340171813964844
2023-04-10,159.71615600585938,102.16999816894531,105.56748962402344,282.6952209472656,184.50999450683594,24.397327423095703
2023-04-11,158.50372314453125,99.91999816894531,104.48641204833984,276.2869567871094,186.7899932861328,24.435434341430664
2023-04-12,157.81375122070312,97.83000183105469,103.78225708007812,276.93170166015625,180.5399932861328,24.397327423095703
2023-04-13,163.19573974609375,102.4000015258789,106.54936981201172,283.13482666015625,185.89999389648438,24.54975128173828
2023-04-14,162.8507537841797,102.51000213623047,107.97757720947266,279.5204162597656,185.0,24.50688362121582
2023-04-17,162.8704833984375,102.73999786376953,105.1013412475586,282.1188659667969,187.0399932861328,24.58785629272461
2023-04-18,164.09275817871094,102.30000305175781,103.64340209960938,281.69879150390625,184.30999755859375,24.654541015625
2023-04-19,165.23622131347656,104.30000305175781,103.32600402832031,281.7770080566406,180.58999633789062,24.711700439453125
2023-04-20,164.27017211914062,103.80999755859375,104.42691040039062,279.4910888671875,162.99000549316406,24.6640682220459
2023-04-21,162.6634979248047,106.95999908447266,104.54592895507812,279.1492004394531,165.0800018310547,24.806964874267578
2023-04-24,162.96905517578125,106.20999908447266,105.1013412475586,275.25152587890625,162.5500030517578,24.806964874267578
2023-04-25,161.4313201904297,102.56999969482422,102.99871826171875,269.0484313964844,160.6699981689453,24.568805694580078
2023-04-26,161.4214630126953,104.9800033569336,102.85986328125,288.536865234375,153.75,24.51165008544922
2023-04-27,166.0050811767578,109.81999969482422,106.70805358886719,297.77801513671875,160.19000244140625,24.797441482543945
2023-04-28,167.25692749023438,105.44999694824219,106.46011352539062,300.1518249511719,164.30999755859375,24.864126205444336
2023-05-01,167.16822814941406,102.05000305175781,106.32125854492188,298.49114990234375,161.8300018310547,24.845073699951172
2023-05-02,166.13320922851562,103.62999725341797,104.4566650390625,298.3446044921875,160.30999755859375,24.67359161376953
2023-05-03,165.05874633789062,103.6500015258789,104.54592895507812,297.3579406738281,160.61000061035156,24.616439819335938
2023-05-04,163.4224853515625,104.0,103.83183288574219,298.3446044921875,161.1999969482422,24.368749618530273
2023-05-05,171.0913848876953,105.66000366210938,104.70460510253906,303.46337890625,170.05999755859375,24.54975128173828
2023-05-08,171.02236938476562,105.83000183105469,106.88658142089844,301.5096435546875,171.7899932861328,24.57832908630371
2023-05-09,169.31710815429688,106.62000274658203,106.47003173828125,299.8978271484375,169.14999389648438,24.502119064331055
2023-05-10,171.0814971923828,110.19000244140625,110.83397674560547,305.0849609375,168.5399932861328,24.51165008544922
2023-05-11,171.26878356933594,112.18000030517578,115.61444854736328,302.93585205078125,172.0800018310547,24.57832908630371
2023-05-12,170.34097290039062,110.26000213623047,116.5467529296875,301.822265625,167.97999572753906,24.645015716552734
2023-05-15,169.847412109375,111.19999694824219,115.55493927001953,302.3008728027344,166.35000610351562,24.67359161376953
2023-05-16,169.847412109375,113.4000015258789,118.53035736083984,304.5281982421875,166.52000427246094,24.454486846923828
2023-05-17,170.4593963623047,115.5,119.84944152832031,307.40643310546875,173.86000061035156,24.58785629272461
2023-05-18,172.78892517089844,118.1500015258789,121.82313537597656,311.8315124511719,176.88999938964844,24.759334564208984
2023-05-19,172.8975067138672,116.25,121.75370788574219,311.6553039550781,180.13999938964844,24.806964874267578
2023-05-22,171.94989013671875,115.01000213623047,124.0249252319336,314.4356689453125,188.8699951171875,
2023-05-23,169.343994140625,114.98999786376953,121.55535125732422,308.6400146484375,185.77000427246094,24.540224075317383
2023-05-24,169.62034606933594,116.75,119.90895080566406,307.2595520019531,182.89999389648438,24.397327423095703
2023-05-25,170.7555389404297,115.0,122.46781158447266,319.07611083984375,184.47000122070312,24.464014053344727
2023-05-26,173.1639862060547,120.11000061035156,123.58854675292969,325.8998107910156,193.1699981689453,24.711700439453125
2023-05-29,,,,,,24.768863677978516
2023-05-30,175.00985717773438,121.66000366210938,122.65624237060547,324.2550354003906,201.16000366210938,24.559280395507812
2023-05-31,174.96051025390625,120.58000183105469,121.86280822753906,321.4942321777344,203.92999267578125,24.359224319458008
2023-06-01,177.76382446289062,122.7699966430664,122.70584869384766,325.5962829589844,207.52000427246094,24.435434341430664
2023-06-02,178.6127166748047,124.25,123.64804077148438,328.3570556640625,213.97000122070312,24.78791618347168
2023-06-05,177.2604217529297,125.30000305175781,124.97706604003906,328.8857116699219,217.61000061035156,24.725990295410156
2023-06-06,176.89515686035156,126.61000061035156,126.26640319824219,326.6731872558594,221.30999755859375,24.82602310180664
2023-06-07,175.5231475830078,121.2300033569336,121.49584197998047,316.5894470214844,224.57000732421875,24.67359161376953
2023-06-08,178.2376251220703,124.25,121.1387939453125,318.4300231933594,234.86000061035156,24.768863677978516
2023-06-09,178.62257385253906,123.43000030517578,121.2280502319336,319.92791748046875,244.39999389648438,24.768863677978516
2023-06-12,181.416015625,126.56999969482422,122.6264877319336,324.8816223144531,249.8300018310547,24.911760330200195
2023-06-13,180.9422149658203,126.66000366210938,122.81493377685547,327.2703857421875,258.7099914550781,25.007020950317383
2023-06-14,181.573974609375,126.41999816894531,122.65624237060547,330.25628662109375,256.7900085449219,25.073711395263672
2023-06-15,183.60733032226562,127.11000061035156,124.0645980834961,340.79034423828125,255.89999389648438,25.140396118164062
2023-06-16,182.53147888183594,125.48999786376953,122.51739501953125,335.14154052734375,260.5400085449219,25.035600662231445
2023-06-19,,,,,,25.054656982421875
2023-06-20,182.62025451660156,125.77999877929688,122.0909194946289,330.951416015625,274.45001220703125,24.85460090637207
2023-06-21,181.58383178710938,124.83000183105469,119.56182861328125,326.5556945800781,259.4599914550781,24.67359161376953
2023-06-22,184.5845489501953,130.14999389648438,122.1405029296875,332.5765075683594,264.6099853515625,24.616439819335938
2023-06-23,184.26866149902344,129.3300018310547,121.337158203125,327.9850158691406,256.6000061035156,24.4259090423584
2023-06-26,182.8769073486328,127.33000183105469,117.36993408203125,321.69989013671875,241.0500030517578,24.386545181274414
2023-06-27,185.63087463378906,129.17999267578125,117.36002349853516,327.54449462890625,250.2100067138672,24.655372619628906
2023-06-28,186.80551147460938,129.0399932861328,119.19486236572266,328.7976379394531,256.239990234375,24.789783477783203
2023-06-29,187.14111328125,127.9000015258789,118.12370300292969,328.0144348144531,257.5,24.866594314575195
2023-06-30,191.4645233154297,130.36000061035156,118.71879577636719,333.38916015625,261.7699890136719,25.145021438598633
2023-07-03,189.9740447998047,130.22000122070312,118.91714477539062,330.8926696777344,279.82000732421875,
2023-07-04,,,,,,25.24103355407715
2023-07-05,188.85861206054688,130.3800048828125,120.75198364257812,331.04931640625,282.4800109863281,25.13542366027832
2023-07-06,189.3324432373047,128.36000061035156,119.12542724609375,334.1038513183594,276.5400085449219,24.92420196533203
2023-07-07,188.21701049804688,129.77999877929688,118.50059509277344,330.1388244628906,274.42999267578125,24.866594314575195
2023-07-10,186.17376708984375,127.12999725341797,115.49541473388672,324.86199951171875,269.6099853515625,24.91459846496582
2023-07-11,185.65061950683594,128.77999877929688,116.17977142333984,325.4886474609375,269.7900085449219,25.039411544799805
2023-07-12,187.3187713623047,130.8000030517578,117.9551010131836,330.1192626953125,271.989990234375,25.250635147094727
2023-07-13,188.07882690429688,134.3000030517578,123.51911926269531,335.464599609375,277.8999938964844,25.40424919128418
2023-07-14,188.22689819335938,134.67999267578125,124.39189910888672,337.9903869628906,281.3800048828125,25.490659713745117
2023-07-17,191.48426818847656,133.55999755859375,123.62821197509766,338.47015380859375,290.3800048828125,25.500261306762695
2023-07-18,191.22763061523438,132.8300018310547,122.7455062866211,351.941162109375,293.3399963378906,25.634674072265625
2023-07-19,192.5799102783203,135.36000061035156,121.0296859741211,347.623779296875,291.260009765625,25.701881408691406
2023-07-20,190.63539123535156,129.9600067138672,118.222900390625,339.5862121582031,262.8999938964844,25.557865142822266
2023-07-21,189.4607696533203,130.0,119.03616333007812,336.55126953125,260.0199890136719,25.65387725830078
2023-07-24,190.26031494140625,128.8000030517578,120.53378295898438,337.8631896972656,269.05999755859375,25.644271850585938
2023-07-25,191.11903381347656,129.1300048828125,121.20821380615234,343.60992431640625,265.2799987792969,25.701881408691406
2023-07-26,191.9876708984375,128.14999389648438,128.21034240722656,330.67730712890625,264.3500061035156,25.79789161682129
2023-07-27,190.72421264648438,128.25,128.3392791748047,323.7753601074219,255.7100067138672,25.65387725830078
2023-07-28,193.30050659179688,132.2100067138672,131.49322509765625,331.26470947265625,266.44000244140625,25.893898010253906
2023-07-31,193.91250610351562,133.67999267578125,131.63206481933594,328.8662109375,267.42999267578125,25.88429832458496
2023-08-01,193.08334350585938,131.69000244140625,130.47164916992188,329.2773132324219,261.07000732421875,25.88429832458496
2023-08-02,190.09249877929688,128.2100067138672,127.32762145996094,320.6228942871094,254.11000061035156,25.557865142822266
2023-08-03,188.70069885253906,128.91000366210938,127.39704895019531,319.8005676269531,259.32000732421875,25.50986099243164
2023-08-04,179.6392364501953,139.57000732421875,127.05986022949219,320.8970947265625,253.86000061035156,25.53866195678711
2023-08-07,176.53982543945312,142.22000122070312,130.45181274414062,323.17816162109375,251.4499969482422,
2023-08-08,177.47755432128906,139.94000244140625,130.3228759765625,319.203369140625,249.6999969482422,25.605871200561523
2023-08-09,175.8883514404297,137.85000610351562,128.59715270996094,315.4635925292969,242.19000244140625,25.557865142822266
2023-08-10,175.6711883544922,138.55999755859375,128.62689208984375,316.1488952636719,245.33999633789062,25.625072479248047
2023-08-11,175.73049926757812,138.41000366210938,128.4979705810547,314.26922607421875,242.64999389648438,25.567466735839844
2023-08-14,177.3811798095703,140.57000732421875,130.2534637451172,317.2356262207031,239.75999450683594,25.605871200561523
2023-08-15,175.39442443847656,137.6699981689453,128.7161865234375,315.1013488769531,232.9600067138672,25.308238983154297
2023-08-16,174.524658203125,135.07000732421875,127.64502716064453,314.33612060546875,225.60000610351562,25.202625274658203
2023-08-17,171.9844207763672,133.97999572753906,128.8550262451172,310.88275146484375,219.22000122070312,25.058612823486328
2023-08-18,172.46873474121094,133.22000122070312,126.4151840209961,310.4903259277344,215.49000549316406,25.058612823486328
2023-08-21,173.8031005859375,134.67999267578125,127.31771087646484,315.78814697265625,231.27999877929688,25.145021438598633
2023-08-22,175.17697143554688,134.25,128.0218963623047,316.357177734375,233.19000244140625,25.087417602539062
2023-08-23,179.02194213867188,135.52000427246094,131.28492736816406,320.81121826171875,236.86000061035156,25.317838668823242
2023-08-24,174.3368377685547,131.83999633789062,128.7161865234375,313.91424560546875,230.0399932861328,25.13542366027832
2023-08-25,176.54098510742188,133.25999450683594,128.81533813476562,316.8673095703125,238.58999633789062,25.279438018798828
2023-08-28,178.10272216796875,133.13999938964844,129.93606567382812,317.57373046875,238.82000732421875,25.490659713745117
2023-08-29,181.9871368408203,134.91000366210938,133.46688842773438,322.1945495605469,257.17999267578125,25.778688430786133
2023-08-30,185.47628784179688,135.07000732421875,134.76617431640625,322.5673522949219,256.8999938964844,25.78829002380371
2023-08-31,185.6937255859375,138.00999450683594,135.05377197265625,321.556884765625,258.0799865722656,25.721084594726562
2023-09-01,187.26531982421875,138.1199951171875,134.54795837402344,322.4398193359375,245.00999450683594,25.96110725402832
2023-09-05,187.5025177001953,137.27000427246094,134.6570587158203,327.2372741699219,256.489990234375,25.855493545532227
2023-09-06,180.7911834716797,135.36000061035156,133.35780334472656,326.5799560546875,251.9199981689453,25.701881408691406
2023-09-07,175.503173828125,137.85000610351562,134.15126037597656,323.66619873046875,251.49000549316406,25.663476943969727
2023-09-08,176.11598205566406,138.22999572753906,135.26206970214844,327.9436340332031,248.5,25.586669921875
2023-09-11,177.2823028564453,143.10000610351562,135.79763793945312,331.5442199707031,273.5799865722656,25.673078536987305
2023-09-12,174.2577667236328,141.22999572753906,134.2305908203125,325.490966796875,267.4800109863281,25.577068328857422
2023-09-13,172.19198608398438,144.85000610351562,135.58935546875,329.69976806640625,271.29998779296875,25.548267364501953
2023-09-14,173.7042694091797,144.72000122070312,136.96795654296875,332.2898254394531,276.0400085449219,25.778688430786133
2023-09-15,172.98268127441406,140.38999938964844,136.27371215820312,323.9703063964844,274.3900146484375,25.644271850585938
2023-09-18,175.9084014892578,139.97999572753906,137.0770721435547,322.8323059082031,265.2799987792969,25.548267364501953
2023-09-19,176.99566650390625,137.6300048828125,136.90846252441406,322.4300537109375,266.5,25.37544822692871
2023-09-20,173.4571533203125,135.2899932861328,132.6437225341797,314.69915771484375,262.5899963378906,25.279438018798828
2023-09-21,171.91519165039062,129.3300018310547,129.37074279785156,313.4826354980469,255.6999969482422,24.856992721557617
2023-09-22,172.7652587890625,129.1199951171875,129.18228149414062,311.0102844238281,244.8800048828125,24.83778953552246
2023-09-25,174.04034423828125,131.27000427246094,130.03526306152344,311.5302734375,246.99000549316406,24.81852149963379
2023-09-26,169.96804809570312,125.9800033569336,127.5160903930664,306.23248291015625,244.1199951171875,24.577659606933594
2023-09-27,168.4557647705078,125.9800033569336,129.46995544433594,306.8702087402344,240.5,24.529489517211914
2023-09-28,168.7127685546875,125.9800033569336,131.22543334960938,307.7040710449219,246.3800048828125,24.664369583129883
2023-09-29,169.22671508789062,127.12000274658203,129.78732299804688,309.7741394042969,250.22000122070312,24.76071548461914
2023-10-02,171.7372589111328,129.4600067138672,133.07017517089844,315.7096862792969,251.60000610351562,24.64510154724121
2023-10-03,170.4029083251953,124.72000122070312,131.34445190429688,307.4588317871094,246.52999877929688,24.384967803955078
2023-10-04,171.6483612060547,127.0,134.13140869140625,312.92340087890625,261.1600036621094,24.539121627807617
2023-10-05,172.88389587402344,125.95999908447266,133.96279907226562,313.31585693359375,260.04998779296875,24.58729362487793
2023-10-06,175.4340057373047,127.95999908447266,136.45220947265625,321.0662841796875,260.5299987792969,24.76071548461914
2023-10-09,176.91659545898438,128.25999450683594,137.28533935546875,323.57781982421875,259.6700134277344,
2023-10-10,176.32357788085938,129.47999572753906,136.9282989501953,322.1748962402344,263.6199951171875,24.93413734436035
2023-10-11,177.71722412109375,131.8300018310547,139.3979034423828,326.1286926269531,262.989990234375,25.07865333557129
2023-10-12,178.61666870117188,132.3300018310547,137.8308563232422,324.8924865722656,258.8699951171875,25.02084732055664
2023-10-13,176.77822875976562,129.7899932861328,136.2340545654297,321.52740478515625,251.1199951171875,24.808887481689453
2023-10-16,176.64971923828125,132.5500030517578,137.9597625732422,326.3445129394531,253.9199981689453,24.991939544677734
2023-10-17,175.09791564941406,131.47000122070312,138.57467651367188,325.77545166015625,254.85000610351562,25.07865333557129
2023-10-18,173.8031005859375,128.1300048828125,136.8291015625,323.86236572265625,242.67999267578125,24.799251556396484
2023-10-19,173.427490234375,128.39999389648438,136.62081909179688,325.0495300292969,220.11000061035156,24.596923828125
2023-10-20,170.87738037109375,125.16999816894531,134.4884796142578,320.4875183105469,211.99000549316406,24.317527770996094
2023-10-23,170.99600219726562,126.55999755859375,135.38107299804688,323.08740234375,212.0800018310547,24.259719848632812
2023-10-24,171.43089294433594,128.55999755859375,137.6721649169922,324.27447509765625,216.52000427246094,24.40423583984375
2023-10-25,169.11801147460938,121.38999938964844,124.58033752441406,334.2225646972656,212.4199981689453,24.230817794799805
2023-10-26,164.95677185058594,119.56999969482422,121.27764892578125,321.6844482421875,205.75999450683594,24.124835968017578
2023-10-27,166.27137756347656,127.73999786376953,121.16853332519531,323.56805419921875,207.3000030517578,24.02849006652832
2023-10-30,168.31735229492188,132.7100067138672,123.43977355957031,330.92608642578125,197.36000061035156,24.24045181274414
2023-10-31,168.7918243408203,133.08999633789062,123.06290435791016,331.71099853515625,200.83999633789062,24.394603729248047
2023-11-01,171.9547576904297,137.0,125.4134521484375,339.5203552246094,205.66000366210938,24.664369583129883
2023-11-02,175.51307678222656,138.07000732421875,126.44493865966797,341.7277526855469,218.50999450683594,24.991939544677734
2023-11-03,174.60369873046875,138.60000610351562,128.04176330566406,346.12298583984375,219.9600067138672,25.184633255004883
2023-11-06,177.15383911132812,139.74000549316406,129.18228149414062,349.7823486328125,219.27000427246094,25.184633255004883
2023-11-07,179.71385192871094,142.7100067138672,129.8964385986328,353.7066345214844,222.17999267578125,25.199085235595703
2023-11-08,180.7714385986328,142.0800018310547,130.75927734375,356.3261413574219,222.11000061035156,25.23280906677246
2023-11-09,180.29698181152344,140.60000610351562,129.17239379882812,353.8636169433594,209.97999572753906,25.146093368530273
2023-11-10,184.48348999023438,143.55999755859375,131.5031280517578,362.67364501953125,214.64999389648438,25.377321243286133
2023-11-13,182.89993286132812,142.58999633789062,131.00721740722656,359.7402648925781,223.7100067138672,25.396595001220703
2023-11-14,185.51280212402344,145.8000030517578,132.52467346191406,363.2623596191406,237.41000366210938,25.791608810424805
2023-11-15,186.07691955566406,143.1999969482422,133.51649475097656,363.4097900390625,242.83999633789062,25.820507049560547
2023-11-16,187.75949096679688,142.8300018310547,135.80755615234375,369.79974365234375,233.58999633789062,25.916858673095703
2023-11-17,187.7396697998047,145.17999267578125,134.20083618164062,363.58673095703125,234.3000030517578,26.003568649291992
2023-11-20,189.4815673828125,146.1300048828125,135.13311767578125,371.0482482910156,235.60000610351562,26.167356491088867
2023-11-21,188.67991638183594,143.89999389648438,135.84722900390625,366.752197265625,241.1999969482422,26.032470703125
2023-11-22,189.343017578125,146.7100067138672,137.35475158691406,371.45123291015625,234.2100067138672,26.09027862548828
2023-11-23,,,,,,26.157718658447266
2023-11-24,188.01678466796875,146.74000549316406,135.56951904296875,371.038330078125,235.4499969482422,26.080646514892578
2023-11-27,187.83863830566406,147.72999572753906,135.29180908203125,372.1983642578125,236.0800018310547,25.97466468811035
2023-11-28,188.44235229492188,147.02999877929688,136.0753173828125,376.2191467285156,246.72000122070312,25.926488876342773
2023-11-29,187.42294311523438,146.32000732421875,133.88345336914062,372.434326171875,244.13999938964844,26.003568649291992
2023-11-30,187.99697875976562,146.08999633789062,131.443603515625,372.4932861328125,240.0800018310547,26.051738739013672
2023-12-01,189.27374267578125,147.02999877929688,130.77911376953125,368.1678161621094,238.8300018310547,26.17698860168457
2023-12-04,187.4823455810547,144.83999633789062,128.21034240722656,362.88873291015625,235.5800018310547,26.128814697265625
2023-12-05,191.43130493164062,146.8800048828125,129.91624450683594,366.21148681640625,238.72000122070312,26.128814697265625
2023-12-06,190.34262084960938,144.52000427246094,128.95420837402344,362.5544738769531,239.3699951171875,26.09027862548828
2023-12-07,192.2725830078125,146.8800048828125,135.80755615234375,364.6680908203125,242.63999938964844,26.215526580810547
2023-12-08,193.69776916503906,147.4199981689453,133.88345336914062,367.892578125,243.83999633789062,26.292604446411133
2023-12-11,191.19375610351562,145.88999938964844,132.19737243652344,365.01220703125,239.74000549316406,26.331140518188477
2023-12-12,192.70806884765625,147.47999572753906,131.43370056152344,368.0400390625,237.00999450683594,26.39858627319336
2023-12-13,195.9246368408203,148.83999633789062,131.48329162597656,368.0301818847656,239.2899932861328,26.668346405029297
2023-12-14,196.07308959960938,147.4199981689453,130.8584442138672,359.7331237792969,251.0500030517578,26.735790252685547
2023-12-15,195.53866577148438,149.97000122070312,131.51304626464844,364.4518737792969,253.5,26.54309844970703
2023-12-18,193.87591552734375,154.07000732421875,134.68682861328125,366.3392639160156,252.0800018310547,26.658716201782227
2023-12-19,194.91513061523438,153.7899932861328,135.5298309326172,366.93902587890625,257.2200012207031,26.812868118286133
2023-12-20,192.8268280029297,152.1199951171875,137.20599365234375,364.3437194824219,247.13999938964844,26.494930267333984
2023-12-21,192.6783447265625,153.83999633789062,139.26895141601562,367.2142639160156,254.5,26.6779842376709
2023-12-22,191.60948181152344,153.4199981689453,140.3302001953125,368.2366027832031,252.5399932861328,26.697254180908203
2023-12-26,191.0651397705078,153.41000366210938,140.35992431640625,368.31524658203125,256.6099853515625,
2023-12-27,191.16409301757812,153.33999633789062,139.21934509277344,367.73529052734375,261.44000244140625,26.841766357421875
2023-12-28,191.5896759033203,153.3800048828125,139.08050537109375,368.9247741699219,253.17999267578125,26.851476669311523
2023-12-29,190.5504608154297,151.94000244140625,138.54493713378906,369.671875,248.47999572753906,26.84177017211914
2024-01-02,183.73129272460938,149.92999267578125,137.03738403320312,364.5894470214844,248.4199981689453,26.79324722290039
2024-01-03,182.35560607910156,148.47000122070312,137.78123474121094,364.32403564453125,238.4499969482422,26.618572235107422
2024-01-04,180.0396728515625,144.57000732421875,135.27198791503906,361.7091064453125,237.92999267578125,26.608869552612305
2024-01-05,179.317138671875,145.24000549316406,134.6173858642578,361.52227783203125,237.49000549316406,26.686504364013672
2024-01-08,183.65213012695312,149.10000610351562,137.70188903808594,368.34478759765625,240.4499969482422,26.948514938354492
2024-01-09,183.2364501953125,151.3699951171875,139.79461669921875,369.4261169433594,234.9600067138672,26.890291213989258
2024-01-10,184.27566528320312,153.72999572753906,141.11367797851562,376.28790283203125,233.94000244140625,26.977628707885742
2024-01-11,183.68182373046875,155.17999267578125,140.91534423828125,378.116455078125,227.22000122070312,27.006742477416992
2024-01-12,184.0084228515625,154.6199951171875,141.48065185546875,381.89141845703125,218.88999938964844,27.055261611938477
2024-01-15,,,,,,27.14259910583496
2024-01-16,181.74197387695312,153.16000366210938,141.32199096679688,383.66094970703125,219.91000366210938,26.967924118041992
2024-01-17,180.8017578125,151.7100067138672,140.31033325195312,382.87445068359375,215.5500030517578,26.764137268066406
2024-01-18,186.6905517578125,153.5,142.30384826660156,387.1999206542969,211.8800048828125,26.919403076171875
2024-01-19,189.59042358398438,155.33999633789062,145.1800994873047,391.918701171875,212.19000244140625,27.055261611938477
2024-01-22,191.896484375,154.77999877929688,144.79330444335938,389.79522705078125,208.8000030517578,27.200822830200195
2024-01-23,193.17323303222656,156.02000427246094,145.83465576171875,392.144775390625,209.13999938964844,27.22994041442871
2024-01-24,192.50021362304688,156.8699951171875,147.4810791015625,395.7427673339844,207.8300018310547,27.385208129882812
2024-01-25,192.17359924316406,157.75,150.6250762939453,398.0136413574219,182.6300048828125,27.404611587524414
2024-01-26,190.4415740966797,159.1199951171875,150.9424591064453,397.089599609375,183.25,27.385208129882812
2024-01-29,189.75869750976562,161.25999450683594,152.25160217285156,402.78155517578125,190.92999267578125,27.521059036254883
2024-01-30,186.10662841796875,159.0,150.2184600830078,401.6706848144531,191.58999633789062,27.47254180908203
2024-01-31,182.5040283203125,155.1999969482422,138.95156860351562,390.8470764160156,187.2899932861328,27.22023582458496
2024-02-01,184.93878173828125,159.27999877929688,140.00289916992188,396.942138671875,188.86000061035156,27.404611587524414
2024-02-02,183.9391326904297,171.80999755859375,141.212890625,404.2561950683594,187.91000366210938,27.55988121032715
2024-02-05,185.7503204345703,170.30999755859375,142.50222778320312,398.7804870605469,181.05999755859375,27.530771255493164
2024-02-06,187.3536834716797,169.14999389648438,142.91876220703125,398.6231994628906,185.10000610351562,27.55988121032715
2024-02-07,187.4625244140625,170.52999877929688,144.3469696044922,407.0382385253906,187.5800018310547,27.637514114379883
2024-02-08,186.38375854492188,169.83999633789062,144.7139434814453,407.09716796875,189.55999755859375,27.618104934692383
2024-02-09,187.1468048095703,174.4499969482422,147.77857971191406,413.42816162109375,193.57000732421875,27.753963470458984
2024-02-12,185.46214294433594,172.33999633789062,146.32064819335938,408.227783203125,188.1300048828125,27.807334899902344
2024-02-13,183.37115478515625,168.63999938964844,143.95025634765625,399.4391174316406,184.02000427246094,27.51136016845703
2024-02-14,182.48916625976562,170.97999572753906,144.7436981201172,403.29986572265625,188.7100067138672,27.783079147338867
2024-02-15,182.20181274414062,169.8000030517578,141.59970092773438,400.4141540527344,200.4499969482422,27.957752227783203
2024-02-16,180.66578674316406,169.50999450683594,139.3681182861328,397.9519348144531,199.9499969482422,27.957752227783203
2024-02-20,179.9225311279297,167.0800018310547,139.96319580078125,396.7011413574219,193.75999450683594,27.938339233398438
2024-02-21,180.67572021484375,168.58999633789062,141.38148498535156,396.1003723144531,194.77000427246094,27.909229278564453
2024-02-22,182.70721435546875,174.5800018310547,142.9088592529297,405.42718505859375,197.41000366210938,28.26828384399414
2024-02-23,180.8739013671875,174.99000549316406,142.7799072265625,404.13702392578125,191.97000122070312,28.365327835083008
2024-02-26,179.52615356445312,174.72999572753906,136.4423065185547,401.3793640136719,199.39999389648438,28.277990341186523
2024-02-27,180.98291015625,173.5399932861328,137.7415771484375,401.3202209472656,199.72999572753906,28.375028610229492
2024-02-28,179.7838134765625,173.16000366210938,135.26206970214844,401.55657958984375,202.0399932861328,28.33621597290039
2024-02-29,179.11985778808594,176.75999450683594,137.3250274658203,407.3871765136719,201.8800048828125,28.46236801147461
2024-03-01,178.03968811035156,178.22000122070312,136.01583862304688,409.2190246582031,202.63999938964844,28.72437858581543
2024-03-04,173.5207977294922,177.5800018310547,132.2569122314453,408.6478576660156,188.13999938964844,28.72437858581543
2024-03-05,168.58572387695312,174.1199951171875,131.5824737548828,396.563232421875,180.74000549316406,28.549705505371094
2024-03-06,167.59475708007812,173.50999450683594,130.3228759765625,396.0117492675781,176.5399932861328,28.62734031677246
2024-03-07,167.47581481933594,176.82000732421875,133.27847290039062,402.9552001953125,178.64999389648438,28.811723709106445
2024-03-08,169.1902313232422,175.35000610351562,134.30003356933594,400.0793151855469,175.33999633789062,28.76319694519043
2024-03-11,171.19200134277344,171.9600067138672,136.54147338867188,398.40496826171875,177.77000427246094,28.695268630981445
2024-03-12,171.6676788330078,175.38999938964844,137.3647003173828,409.0023498535156,177.5399932861328,28.918466567993164
2024-03-13,169.58660888671875,176.55999755859375,138.6441192626953,408.8251037597656,169.47999572753906,28.889352798461914
2024-03-14,171.4397430419922,178.75,141.92697143554688,418.7921142578125,162.5,28.831125259399414
2024-03-15,171.06317138671875,174.4199981689453,140.022705078125,410.1251220703125,163.57000732421875,28.811723709106445
2024-03-18,172.1532440185547,174.47999572753906,146.46942138671875,411.01153564453125,173.8000030517578,29.190181732177734
2024-03-19,174.49195861816406,175.89999389648438,145.8247528076172,415.0396728515625,171.32000732421875,28.98639678955078
2024-03-20,177.05860900878906,178.14999389648438,147.52076721191406,418.8019714355469,175.66000366210938,29.14166259765625
2024-03-21,169.824462890625,178.14999389648438,146.39007568359375,422.87933349609375,172.82000732421875,29.28722381591797
2024-03-22,170.72625732421875,178.8699951171875,149.53411865234375,422.2588806152344,170.8300018310547,29.328107833862305
2024-03-25,169.30914306640625,179.7100067138672,148.83985900878906,416.4678039550781,172.6300048828125,29.221033096313477
2024-03-26,168.179443359375,178.3000030517578,149.43490600585938,415.2760314941406,177.6699981689453,29.182100296020508
2024-03-27,171.74696350097656,179.8300018310547,149.63327026367188,415.059326171875,179.8300018310547,29.405981063842773
2024-03-28,169.93345642089844,180.3800048828125,149.6927947998047,414.3600769042969,175.7899932861328,29.386512756347656
2024-04-01,168.49652099609375,180.97000122070312,154.21542358398438,418.15191650390625,175.22000122070312,29.474117279052734
2024-04-02,167.31727600097656,180.69000244140625,153.2930450439453,415.0692443847656,166.6300048828125,29.182100296020508
2024-04-03,168.1199493408203,182.41000366210938,153.65008544921875,414.09423828125,168.3800048828125,29.201568603515625
2024-04-04,167.29745483398438,180.0,149.29608154296875,411.5630798339844,171.11000061035156,28.997156143188477
2024-04-05,168.05059814453125,185.07000732421875,151.2499237060547,419.0875244140625,164.89999389648438,29.28917121887207
2024-04-08,166.9307861328125,185.19000244140625,153.58067321777344,418.1716003417969,172.97999572753906,29.328107833862305
2024-04-09,168.13978576660156,185.6699981689453,155.3163299560547,419.8360900878906,176.8800048828125,29.37677764892578
2024-04-10,166.26683044433594,185.9499969482422,154.86007690429688,416.8617248535156,171.75999450683594,29.230770111083984
2024-04-11,173.4613800048828,189.0500030517578,158.10328674316406,421.46112060546875,174.60000610351562,29.328107833862305
2024-04-12,174.95774841308594,186.1300048828125,156.43704223632812,415.5222473144531,171.0500030517578,29.065298080444336
2024-04-15,171.13253784179688,183.6199951171875,153.590576171875,407.3871765136719,161.47999572753906,28.831682205200195
2024-04-16,167.85240173339844,183.32000732421875,153.1343536376953,408.3129577636719,157.11000061035156,28.724609375
2024-04-17,166.48484802246094,181.27999877929688,154.195556640625,405.6143493652344,155.4499969482422,28.60780143737793
2024-04-18,165.53350830078125,179.22000122070312,154.7311553955078,398.15875244140625,149.92999267578125,28.549400329589844
2024-04-19,163.5118865966797,174.6300048828125,152.826904296875,393.0865783691406,147.0500030517578,28.452058792114258
2024-04-22,164.34429931640625,177.22999572753906,154.99893188476562,394.8988037109375,142.0500030517578,28.60780143737793
2024-04-23,165.39474487304688,179.5399932861328,156.9626922607422,401.4089050292969,144.67999267578125,28.841413497924805
2024-04-24,167.49566650390625,176.58999633789062,157.82559204101562,402.8763427734375,162.1300048828125,28.851150512695312
2024-04-25,168.35780334472656,173.6699981689453,154.7212371826172,393.0078430175781,170.17999267578125,28.70513916015625
2024-04-26,167.7731170654297,179.6199951171875,170.5404815673828,400.17779541015625,168.2899932861328,28.929019927978516
2024-04-29,171.93524169921875,180.9600067138672,164.78802490234375,396.1693115234375,194.0500030517578,29.026355743408203
2024-04-30,168.79383850097656,175.0,161.44566345214844,383.4446105957031,183.27999877929688,28.78301239013672
2024-05-01,167.7731170654297,179.0,162.5167999267578,388.96978759765625,179.99000549316406,28.724609375
2024-05-02,171.46946716308594,184.72000122070312,165.25418090820312,391.82598876953125,180.00999450683594,28.890085220336914
2024-05-03,181.7261505126953,186.2100067138672,165.86911010742188,400.51263427734375,181.19000244140625,29.172365188598633
2024-05-06,180.0712127685547,188.6999969482422,166.72207641601562,407.2886657714844,184.75999450683594,29.4351806640625
2024-05-07,180.75497436523438,188.75999450683594,169.84622192382812,403.152099609375,177.80999755859375,29.590919494628906
2024-05-08,181.0919189453125,188.0,167.99156188964844,404.333984375,174.72000122070312,29.561717987060547
2024-05-09,182.90541076660156,189.5,168.56678771972656,406.0870666503906,171.97000122070312,29.639591217041016
2024-05-10,181.6451416015625,187.47999572753906,167.2675323486328,408.4704895019531,168.47000122070312,29.639591217041016
2024-05-13,184.850341796875,186.57000732421875,167.75350952148438,407.4659118652344,171.88999938964844,29.61039161682129
2024-05-14,185.99151611328125,187.07000732421875,168.94366455078125,410.262939453125,177.5500030517578,29.72719383239746
2024-05-15,188.26397705078125,185.99000549316406,171.0959014892578,417.43597412109375,173.99000549316406,29.951072692871094
2024-05-16,188.38304138183594,183.6300048828125,172.752197265625,415.3739318847656,174.83999633789062,29.90240478515625
2024-05-17,188.41282653808594,184.6999969482422,174.61680603027344,414.604248046875,177.4600067138672,29.980276107788086
2024-05-20,189.57383728027344,183.5399932861328,175.46975708007812,419.6658630371094,174.9499969482422,
2024-05-21,190.87379455566406,183.14999389648438,176.39210510253906,423.3165283203125,186.60000610351562,30.058147430419922
2024-05-22,189.4348907470703,183.1300048828125,174.93418884277344,424.7767639160156,180.11000061035156,29.96080780029297
2024-05-23,185.44577026367188,181.0500030517578,172.12738037109375,421.3037109375,173.74000549316406,29.824533462524414
2024-05-24,188.52197265625,180.75,173.55555725097656,424.42156982421875,179.24000549316406,29.921875
2024-05-27,,,,,,30.116548538208008
2024-05-28,188.5319061279297,182.14999389648438,174.95399475097656,424.5794677734375,176.75,29.834266662597656
2024-05-29,188.82960510253906,182.02000427246094,174.45809936523438,423.44476318359375,176.19000244140625,29.600656509399414
2024-05-30,189.82192993164062,179.32000732421875,170.69918823242188,409.1382141113281,178.7899932861328,29.61039161682129
2024-05-31,190.77456665039062,176.44000244140625,171.0859832763672,409.59210205078125,178.0800018310547,29.766132354736328
2024-06-03,192.5408935546875,178.33999633789062,171.75047302246094,408.0035400390625,176.2899932861328,29.756397247314453
2024-06-04,192.8584442138672,179.33999633789062,172.3654022216797,410.51953125,174.77000427246094,29.73693084716797
2024-06-05,194.36676025390625,181.27999877929688,173.9721221923828,418.3536376953125,175.0,30.038681030273438
2024-06-06,192.9874267578125,185.0,175.2812957763672,418.8567810058594,177.94000244140625,30.038681030273438
2024-06-07,195.3789520263672,184.3000030517578,173.02993774414062,418.1957702636719,177.47999572753906,30.01921272277832
2024-06-10,191.6378631591797,187.05999755859375,173.7746124267578,422.162109375,173.7899932861328,30.1068172454834
2024-06-11,205.56019592285156,187.22999572753906,175.3732452392578,426.907958984375,170.66000366210938,29.951072692871094
2024-06-12,211.4347686767578,186.88999938964844,176.53497314453125,435.1761474609375,177.2899932861328,30.155485153198242
2024-06-13,212.59579467773438,183.8300018310547,173.92356872558594,435.6891784667969,182.47000122070312,29.990007400512695
2024-06-14,210.85922241210938,183.66000366210938,175.5420379638672,436.666015625,178.00999450683594,29.85373878479004
2024-06-17,215.00714111328125,184.05999755859375,175.9888916015625,442.3886413574219,187.44000244140625,29.990007400512695
2024-06-18,212.6453857421875,182.80999755859375,173.8540496826172,440.3857421875,184.86000061035156,30.048412322998047
2024-06-19,,,,,,30.077613830566406
2024-06-20,208.07077026367188,186.10000610351562,175.05551147460938,439.7542724609375,181.57000732421875,29.970544815063477
2024-06-21,205.89761352539062,189.0800018310547,178.36199951171875,443.7798156738281,183.00999450683594,29.90240478515625
2024-06-24,206.54261779785156,185.57000732421875,177.95489501953125,441.6979675292969,182.5800018310547,29.951072692871094
2024-06-25,207.46546936035156,186.33999633789062,182.73094177246094,444.93426513671875,187.35000610351562,30.002059936523438
2024-06-26,211.61338806152344,193.61000061035156,182.58197021484375,446.1280822753906,196.3699951171875,30.041278839111328
2024-06-27,212.45687866210938,197.85000610351562,184.10121154785156,446.8088684082031,197.4199981689453,30.10991096496582
2024-06-28,209.00355529785156,193.25,180.86419677734375,440.9875793457031,197.8800048828125,30.041278839111328
2024-07-01,215.0865020751953,197.1999969482422,181.6982879638672,450.6371154785156,209.86000061035156,
2024-07-02,218.57952880859375,200.0,183.93238830566406,453.15313720703125,231.25999450683594,30.1883487701416
2024-07-03,219.8496856689453,197.58999633789062,184.50831604003906,454.6231994628906,246.38999938964844,30.423654556274414
2024-07-04,,,,,,30.48248291015625
2024-07-05,224.60292053222656,200.0,189.2545623779297,461.3226623535156,251.52000427246094,30.45307159423828
2024-07-08,226.0715789794922,199.2899932861328,187.6956329345703,460.0202331542969,252.94000244140625,30.472679138183594
2024-07-09,226.92495727539062,199.33999633789062,187.64601135253906,453.4096374511719,262.3299865722656,30.38443946838379
2024-07-10,231.19195556640625,199.7899932861328,189.83045959472656,460.0301513671875,263.260009765625,30.737403869628906
2024-07-11,225.823486328125,195.0500030517578,184.2600860595703,448.63421630859375,241.02999877929688,30.8060359954834
2024-07-12,228.77066040039062,194.49000549316406,183.7635955810547,447.4995422363281,248.22999572753906,30.99232292175293
2024-07-15,232.60105895996094,192.72000122070312,185.2133026123047,447.904052734375,252.63999938964844,31.090370178222656
2024-07-16,233.01785278320312,193.02000427246094,182.62168884277344,443.5233154296875,256.55999755859375,31.325681686401367
2024-07-17,227.1234588623047,187.92999267578125,179.74220275878906,437.60333251953125,248.5,31.060956954956055
2024-07-18,222.45948791503906,183.75,176.43569946289062,434.495361328125,249.22999572753906,30.855056762695312
2024-07-19,222.58851623535156,183.1300048828125,176.4058837890625,431.2788391113281,239.1999969482422,30.678577423095703
2024-07-22,222.24119567871094,182.5500030517578,180.3875732421875,437.03106689453125,251.50999450683594,31.051151275634766
2024-07-23,223.2831268310547,186.41000366210938,180.50672912597656,438.9156494140625,246.3800048828125,30.98741912841797
2024-07-24,216.86277770996094,180.8300018310547,171.41139221191406,423.17840576171875,215.99000549316406,30.590335845947266
2024-07-25,215.82083129882812,179.85000610351562,166.09915161132812,412.81842041015625,220.25,30.48248291015625
2024-07-26,216.2872314453125,182.5,165.82113647460938,419.5968322753906,219.8000030517578,30.845252990722656
2024-07-29,216.5651092529297,183.1999969482422,168.3332977294922,421.0373229980469,232.10000610351562,30.8060359954834
2024-07-30,217.12078857421875,181.7100067138672,169.0879364013672,417.27813720703125,222.6199951171875,30.78642463684082
2024-07-31,220.3756103515625,186.97999572753906,170.3291015625,412.7690734863281,232.07000732421875,31.129587173461914
2024-08-01,216.68417358398438,184.07000732421875,169.5546112060547,411.5456848144531,216.86000061035156,30.678577423095703
2024-08-02,218.1726531982422,167.89999389648438,165.4835662841797,403.0406494140625,207.6699981689453,30.060888290405273
2024-08-05,207.66392517089844,161.02000427246094,158.1258544921875,389.87860107421875,198.8800048828125,
2024-08-06,205.6395721435547,161.92999267578125,157.17262268066406,394.2791442871094,200.63999938964844,29.403980255126953
2024-08-07,208.209716796875,162.77000427246094,157.8180389404297,393.1148986816406,191.75999450683594,29.24710464477539
2024-08-08,211.67291259765625,165.8000030517578,160.88623046875,397.31805419921875,198.83999633789062,29.825578689575195
2024-08-09,214.58045959472656,166.94000244140625,162.51467895507812,400.60357666015625,200.0,29.933427810668945
2024-08-12,216.1103973388672,166.8000030517578,161.14439392089844,401.383056640625,197.49000549316406,29.95303726196289
2024-08-13,219.82598876953125,170.22999572753906,163.00119018554688,408.48699951171875,207.8300018310547,30.355026245117188
2024-08-14,220.27304077148438,170.10000610351562,159.23794555664062,411.2989807128906,201.3800048828125,30.48248291015625
2024-08-15,223.2534637451172,177.58999633789062,160.161376953125,416.1620788574219,214.13999938964844,30.933494567871094
2024-08-16,224.57479858398438,177.05999755859375,161.8096923828125,413.6316833496094,216.1199951171875,30.953107833862305
2024-08-19,224.41583251953125,178.22000122070312,165.49346923828125,416.6563415527344,222.72000122070312,31.159000396728516
2024-08-20,225.0317840576172,178.8800048828125,165.9998779296875,419.8885498046875,221.10000610351562,31.03154182434082
2024-08-21,224.92251586914062,180.11000061035156,164.67926025390625,419.2361145019531,223.27000427246094,31.149198532104492
2024-08-22,223.06471252441406,176.1300048828125,162.64373779296875,410.74542236328125,210.66000366210938,30.972713470458984
2024-08-23,225.35963439941406,177.0399932861328,164.4508819580078,411.9711608886719,220.32000732421875,31.217830657958984
2024-08-26,225.69740295410156,175.5,164.98709106445312,408.70928955078125,213.2100067138672,31.129587173461914
2024-08-27,226.5418701171875,173.1199951171875,163.51751708984375,409.0552673339844,209.2100067138672,31.080562591552734
2024-08-28,225.0119171142578,170.8000030517578,161.70045471191406,405.85272216796875,205.75,30.972713470458984
2024-08-29,228.29037475585938,172.1199951171875,160.6380157470703,408.3435974121094,206.27999877929688,31.03154182434082
2024-08-30,227.5055389404297,178.5,162.2267303466797,412.3171081542969,214.11000061035156,31.212926864624023
2024-09-03,221.31619262695312,176.25,156.24920654296875,404.7060852050781,210.60000610351562,30.78642463684082
2024-09-04,219.40872192382812,173.3300018310547,155.3456268310547,404.1723327636719,219.41000366210938,30.668773651123047
2024-09-05,220.92874145507812,177.88999938964844,156.1300506591797,403.668212890625,230.1699981689453,30.57562828063965
2024-09-06,219.37892150878906,171.38999938964844,149.8546600341797,397.0556335449219,210.72999572753906,30.217763900756836
2024-09-09,219.4683380126953,175.39999389648438,147.856201171875,401.02911376953125,216.27000427246094,30.531509399414062
2024-09-10,218.67355346679688,179.5500030517578,147.80648803710938,409.4111328125,226.1699981689453,30.619749069213867
2024-09-11,221.20692443847656,184.52000427246094,150.29212951660156,418.1488952636719,228.1300048828125,30.825645446777344
2024-09-12,221.31619262695312,187.0,153.8018798828125,422.0630798339844,229.80999755859375,31.129587173461914
2024-09-13,221.0479736328125,186.49000549316406,156.5559539794922,425.611572265625,230.2899932861328,31.296266555786133
2024-09-16,214.90829467773438,184.88999938964844,157.1525115966797,426.3529357910156,226.77999877929688,31.43352508544922
2024-09-17,215.3751983642578,186.8800048828125,158.40528869628906,430.1188659667969,227.8699951171875,31.404115676879883
2024-09-18,219.24978637695312,186.42999267578125,158.89247131347656,425.8290100097656,227.1999969482422,31.374698638916016
2024-09-19,227.3763885498047,189.8699951171875,161.20909118652344,433.617919921875,243.9199981689453,31.757080078125
2024-09-20,226.71075439453125,191.60000610351562,162.65074157714844,430.23748779296875,238.25,31.668846130371094
2024-09-23,224.99205017089844,193.8800048828125,160.92076110839844,428.4978332519531,250.0,31.668846130371094
2024-09-24,225.8861541748047,193.9600067138672,161.35821533203125,424.2079772949219,254.27000427246094,31.69243812561035
2024-09-25,224.8927001953125,192.52999877929688,160.5628204345703,427.114013671875,257.0199890136719,31.633438110351562
2024-09-26,226.03518676757812,191.16000366210938,161.7957000732422,426.3232421875,254.22000122070312,31.957937240600586
2024-09-27,226.3034210205078,187.97000122070312,163.00869750976562,423.0712890625,260.4599914550781,31.948104858398438
2024-09-30,231.47943115234375,186.3300018310547,164.89781188964844,425.324951171875,261.6300048828125,31.957937240600586
2024-10-01,224.73374938964844,185.1300048828125,166.03123474121094,415.8260498046875,258.0199890136719,31.761274337768555
2024-10-02,225.30003356933594,184.75999450683594,164.90774536132812,412.3072204589844,249.02000427246094,31.790767669677734
2024-10-03,224.197265625,181.9600067138672,164.90774536132812,411.7240295410156,240.66000366210938,31.751434326171875
2024-10-04,225.3198699951172,186.50999450683594,166.100830078125,411.2495422363281,250.0800018310547,32.036598205566406
2024-10-07,220.24325561523438,180.8000030517578,162.0442657470703,404.80499267578125,240.8300018310547,31.91860008239746
2024-10-08,224.296630859375,182.72000122070312,163.4362335205078,409.9151611328125,244.5,32.036598205566406
2024-10-09,228.0419921875,185.1699981689453,160.93069458007812,412.63336181640625,241.0500030517578,32.302101135253906
2024-10-10,227.54527282714844,186.64999389648438,161.14942932128906,411.0321350097656,238.77000427246094,32.351261138916016
2024-10-11,226.0650177001953,188.82000732421875,162.30279541015625,411.5065612792969,217.8000030517578,32.58726119995117
2024-10-14,229.79052734375,187.5399932861328,164.01290893554688,414.2939453125,219.16000366210938,
2024-10-15,232.32386779785156,187.69000244140625,164.5100555419922,413.8985595703125,219.57000732421875,32.49876403808594
2024-10-16,230.26739501953125,186.88999938964844,164.21176147460938,411.3088684082031,221.3300018310547,32.59709167480469
2024-10-17,230.63497924804688,187.52999877929688,161.99456787109375,411.9019470214844,220.88999938964844,32.73476028442383
2024-10-18,233.46636962890625,188.99000549316406,162.4817352294922,413.3253173828125,220.6999969482422,32.892093658447266
2024-10-21,234.93670654296875,189.07000732421875,163.12802124023438,413.9381408691406,218.85000610351562,32.74459457397461
2024-10-22,234.32078552246094,189.6999969482422,164.19186401367188,422.5672302246094,217.97000122070312,32.67576599121094
2024-10-23,229.25404357910156,184.7100067138672,161.8454132080078,419.69085693359375,213.64999389648438,32.429931640625
2024-10-24,229.06527709960938,186.3800048828125,161.7857666015625,419.8193359375,260.4800109863281,32.5184326171875
2024-10-25,229.89981079101562,187.8300018310547,164.32113647460938,423.1997985839844,269.19000244140625,32.53809356689453
2024-10-28,231.8768310546875,188.38999938964844,165.76280212402344,421.6578063964844,262.510009765625,32.705257415771484
2024-10-29,232.1450653076172,190.8300018310547,168.70579528808594,426.9558410644531,259.5199890136719,32.69542694091797
2024-10-30,228.59835815429688,192.72999572753906,173.4583740234375,427.5291442871094,257.54998779296875,32.55775833129883
2024-10-31,224.4357147216797,186.39999389648438,170.12759399414062,401.65185546875,249.85000610351562,32.17426681518555
2024-11-01,221.4552764892578,197.92999267578125,170.30654907226562,405.6253662109375,248.97999572753906,32.351261138916016
2024-11-04,220.56114196777344,195.77999877929688,168.26832580566406,403.7374267578125,242.83999633789062,32.21359634399414
2024-11-05,221.99176025390625,199.5,168.76547241210938,406.7027282714844,251.44000244140625,32.429931640625
2024-11-06,221.26651000976562,207.08999633789062,175.49661254882812,415.3219299316406,288.5299987792969,33.0002555847168
2024-11-07,225.99545288085938,210.0500030517578,179.7122344970703,420.5112609863281,296.9100036621094,33.19691848754883
2024-11-08,225.7269287109375,208.17999267578125,177.32603454589844,417.6546936035156,321.2200012207031,33.18708419799805
2024-11-11,223.01174926757812,206.83999633789062,179.31454467773438,413.17706298828125,350.0,33.255916595458984
2024-11-12,223.01174926757812,208.91000366210938,180.57723999023438,418.13897705078125,328.489990234375,33.0887565612793
2024-11-13,223.89691162109375,214.10000610351562,177.8529815673828,420.2839050292969,330.239990234375,33.157588958740234
2024-11-14,226.98007202148438,211.47999572753906,174.57191467285156,421.95440673828125,311.17999267578125,33.157588958740234
2024-11-15,223.77755737304688,202.61000061035156,171.4996795654297,410.20184326171875,320.7200012207031,32.951087951660156
2024-11-18,226.78115844726562,201.6999969482422,174.29354858398438,410.95306396484375,338.739990234375,32.951087951660156
2024-11-19,227.0397491455078,204.61000061035156,177.0973358154297,412.9595947265625,346.0,32.9609260559082
2024-11-20,227.75584411621094,202.8800048828125,174.96963500976562,410.6861572265625,342.0299987792969,32.97075271606445
2024-11-21,227.2784423828125,198.3800048828125,166.66758728027344,408.913330078125,339.6400146484375,33.19691848754883
2024-11-22,228.62110900878906,197.1199951171875,163.8140411376953,413.0037536621094,352.55999755859375,33.344417572021484
2024-11-25,231.6048126220703,201.4499969482422,166.68743896484375,414.7765808105469,338.5899963378906,33.4427490234375
2024-11-26,233.7829132080078,207.86000061035156,168.1490020751953,423.8883972167969,338.2300109863281,33.60991287231445
2024-11-27,233.6536102294922,205.74000549316406,168.2583770751953,418.93634033203125,332.8900146484375,33.541080474853516
2024-11-28,,,,,,33.87541198730469
2024-11-29,236.04055786132812,207.88999938964844,167.97999572753906,419.4018249511719,345.1600036621094,33.895076751708984
2024-12-02,238.2882843017578,210.7100067138672,170.50540161132812,426.8497619628906,357.0899963378906,33.8852424621582
2024-12-03,241.3316650390625,213.44000244140625,170.35626220703125,427.0676574707031,351.4200134277344,33.983577728271484
2024-12-04,241.68972778320312,218.16000366210938,173.36886596679688,433.22802734375,357.92999267578125,34.086822509765625
2024-12-05,241.71954345703125,220.5500030517578,171.64881896972656,438.3782043457031,369.489990234375,34.06224060058594
2024-12-06,241.5206298828125,227.02999877929688,173.70692443847656,439.319091796875,389.2200012207031,34.31790542602539
2024-12-09,245.40939331054688,226.08999633789062,174.56295776367188,441.7456359863281,389.7900085449219,34.23923873901367
2024-12-10,246.4238739013672,225.0399932861328,184.31787109375,439.0813903808594,400.989990234375,34.06224060058594
2024-12-11,245.1508331298828,230.25999450683594,194.5008087158203,444.6871643066406,424.7699890136719,34.2785758972168
2024-12-12,246.6128387451172,228.97000122070312,191.07662963867188,445.2516784667969,418.1000061035156,34.121246337890625
2024-12-13,246.7819061279297,227.4600067138672,188.9464874267578,442.983642578125,436.2300109863281,34.0819091796875
2024-12-16,249.67608642578125,232.92999267578125,195.7550048828125,447.26226806640625,463.0199890136719,34.1015739440918
2024-12-17,252.1028289794922,231.14999389648438,194.5207061767578,450.104736328125,479.8599853515625,34.0819091796875
2024-12-18,246.7023468017578,220.52000427246094,187.53298950195312,433.1983337402344,440.1300048828125,33.37391662597656
2024-12-19,248.43289184570312,223.2899932861328,187.64248657226562,432.8417663574219,436.1700134277344,33.226417541503906
2024-12-20,253.1073760986328,224.9199981689453,190.52915954589844,432.4158935546875,421.05999755859375,33.4427490234375
2024-12-23,253.8831329345703,225.05999755859375,193.7343292236328,431.078857421875,430.6000061035156,33.629581451416016
2024-12-24,256.7972412109375,229.0500030517578,195.20751953125,435.1197509765625,462.2799987792969,33.865577697753906
2024-12-26,257.61273193359375,227.0500030517578,194.69989013671875,433.9114074707031,454.1300048828125,
2024-12-27,254.20138549804688,223.75,191.8729248046875,426.4040832519531,431.6600036621094,33.757415771484375
2024-12-30,250.82977294921875,221.3000030517578,190.3599395751953,420.7586975097656,417.4100036621094,33.36585998535156
2024-12-31,249.0594482421875,219.38999938964844,188.42886352539062,417.4606018066406,403.8399963378906,33.38569259643555
2025-01-02,242.52516174316406,220.22000122070312,188.5582733154297,414.5685729980469,379.2799987792969,33.42533874511719
2025-01-03,242.03782653808594,224.19000244140625,190.90740966796875,419.2928771972656,410.44000244140625,33.82184600830078
2025-01-06,243.66891479492188,227.61000061035156,195.9640350341797,423.749755859375,411.04998779296875,33.75245666503906
2025-01-07,240.89407348632812,222.11000061035156,194.5904083251953,418.3222961425781,394.3599853515625,33.59385299682617
2025-01-08,241.3813934326172,222.1300048828125,193.0574951171875,420.4913024902344,394.94000244140625,33.65332794189453
2025-01-09,,,,,,33.73263168334961
2025-01-10,235.56321716308594,218.94000244140625,191.15625,414.93505859375,394.739990234375,33.2667350769043
2025-01-13,233.12649536132812,218.4600067138672,190.1309814453125,413.19195556640625,403.30999755859375,33.127960205078125
2025-01-14,232.01258850097656,217.75999450683594,188.78720092773438,411.6865234375,396.3599853515625,33.14778518676758
2025-01-15,236.57762145996094,223.35000610351562,194.6501007080078,422.2244873046875,428.2200012207031,33.58394241333008
2025-01-16,227.0198516845703,220.66000366210938,192.0222625732422,420.5111083984375,413.82000732421875,33.73263168334961
2025-01-17,228.7305145263672,225.94000244140625,195.0980224609375,424.91845703125,426.5,34.11922073364258
2025-01-20,,,,,,34.56528854370117
2025-01-21,221.4303741455078,230.7100067138672,197.1385955810547,424.3935241699219,424.07000732421875,34.31747817993164
2025-01-22,222.61392211914062,235.00999450683594,197.45712280273438,441.9239196777344,415.1099853515625,34.476078033447266
2025-01-23,222.4448699951172,235.4199981689453,197.0689239501953,442.4290466308594,412.3800048828125,34.619808197021484
2025-01-24,221.56964111328125,234.85000610351562,199.28866577148438,439.8044128417969,406.5799865722656,34.61485290527344
2025-01-27,228.6111602783203,235.4199981689453,190.92730712890625,430.39544677734375,397.1499938964844,34.34721374511719
2025-01-28,236.9655303955078,238.14999389648438,194.40126037597656,442.914306640625,398.0899963378906,34.56528854370117
2025-01-29,238.05953979492188,237.07000732421875,194.5107421875,438.09100341796875,389.1000061035156,34.56528854370117
2025-01-30,236.2991485595703,234.63999938964844,199.9456329345703,411.0129699707031,400.2799987792969,34.98162078857422
2025-01-31,234.71780395507812,237.67999267578125,203.08111572265625,411.08233642578125,404.6000061035156,34.81310272216797
2025-02-03,226.7711944580078,237.4199981689453,200.30397033691406,406.9820556640625,383.67999267578125,34.555381774902344
2025-02-04,231.5352020263672,242.05999755859375,205.43028259277344,408.4180603027344,392.2099914550781,34.35712814331055
2025-02-05,231.20700073242188,236.1699981689453,190.4495086669922,409.3293151855469,378.1700134277344,34.59998321533203
2025-02-06,231.95291137695312,238.8300018310547,190.71829223632812,411.8350830078125,374.32000732421875,34.65449905395508
2025-02-07,226.3932647705078,229.14999389648438,184.48709106445312,405.8232116699219,361.6199951171875,34.36703872680664
2025-02-10,226.66209411621094,233.13999938964844,185.61187744140625,408.26953125,350.7300109863281,34.67433166503906
2025-02-11,231.6105499267578,232.75999450683594,184.46717834472656,407.4970397949219,328.5,34.63467788696289
2025-02-12,235.8420867919922,228.92999267578125,182.76504516601562,405.1200256347656,336.510009765625,34.58511734008789
2025-02-13,240.4818878173828,230.3699951171875,185.2834014892578,406.6056213378906,355.94000244140625,34.74372100830078
2025-02-14,243.53855895996094,228.67999267578125,184.37759399414062,404.5158996582031,355.8399963378906,34.66441345214844
2025-02-18,243.40911865234375,226.64999389648438,182.92431640625,405.7142639160156,354.1099853515625,34.847801208496094
2025-02-19,243.80738830566406,226.6300048828125,184.41741943359375,410.7950744628906,360.55999755859375,34.852752685546875
2025-02-20,244.76321411132812,222.8800048828125,183.71066284179688,412.9684753417969,354.3999938964844,34.6891975402832
2025-02-21,244.48443603515625,216.5800018310547,178.83322143554688,405.108642578125,337.79998779296875,34.34721374511719
2025-02-24,246.0277099609375,212.7100067138672,178.42510986328125,400.9306640625,330.5299987792969,34.28773498535156
2025-02-25,245.9679718017578,212.8000030517578,174.6127471923828,394.876953125,302.79998779296875,34.36703872680664
2025-02-26,239.3169403076172,214.35000610351562,171.93511962890625,396.6930847167969,290.79998779296875,34.49589920043945
2025-02-27,236.27023315429688,208.74000549316406,167.72459411621094,389.5477600097656,281.95001220703125,34.267913818359375
2025-02-28,240.79054260253906,212.27999877929688,169.49639892578125,393.9739074707031,292.9800109863281,34.61485290527344
2025-03-03,236.9970703125,205.02000427246094,166.24143981933594,385.5384521484375,284.6499938964844,34.33729934692383
2025-03-04,234.9061737060547,203.8000030517578,170.13343811035156,385.65753173828125,272.0400085449219,33.96061706542969
2025-03-05,234.71701049804688,208.36000061035156,172.2238006591797,397.9732666015625,279.1000061035156,34.257999420166016
2025-03-06,234.3087921142578,200.6999969482422,171.55685424804688,393.87469482421875,263.45001220703125,33.76237106323242
2025-03-07,238.03256225585938,199.25,173.0599365234375,390.32183837890625,262.6700134277344,34.07957458496094
2025-03-10,226.4928436279297,194.5399932861328,165.2968292236328,377.2717590332031,222.14999389648438,33.395599365234375
2025-03-11,219.8816680908203,196.58999633789062,163.47314453125,377.5595703125,230.5800018310547,33.20726013183594
2025-03-12,216.0384063720703,198.88999938964844,166.5325469970703,380.3581237792969,248.08999633789062,33.336124420166016
2025-03-13,208.7700958251953,193.88999938964844,162.19760131835938,375.8923034667969,240.67999267578125,33.07839584350586
2025-03-14,212.56356811523438,197.9499969482422,164.91815185546875,385.6079406738281,249.97999572753906,33.603763580322266
2025-03-17,213.07135009765625,195.74000549316406,163.7222900390625,385.74688720703125,238.00999450683594,33.78219223022461
2025-03-18,211.7670135498047,192.82000732421875,160.11480712890625,380.606201171875,225.30999755859375,33.578983306884766
2025-03-19,214.3059539794922,195.5399932861328,163.3236846923828,384.8735656738281,235.86000061035156,33.97053527832031
2025-03-20,213.17091369628906,194.9499969482422,162.23744201660156,383.9010314941406,236.25999450683594,33.82184600830078
2025-03-21,217.3227996826172,196.2100067138672,163.42333984375,388.2874450683594,248.7100067138672,33.811927795410156
2025-03-24,219.7721405029297,203.25999450683594,167.1005859375,390.0935974121094,278.3900146484375,34.12913513183594
2025-03-25,222.77903747558594,205.7100067138672,169.97064208984375,392.15777587890625,288.1400146484375,34.1390495300293
2025-03-26,220.5686492919922,201.1300048828125,164.4896240234375,387.0072021484375,272.05999755859375,33.78622817993164
2025-03-27,222.8785858154297,201.36000061035156,161.67938232421875,387.612548828125,273.1300048828125,33.8011360168457
2025-03-28,216.9544219970703,192.72000122070312,153.7967071533203,375.9220886230469,263.54998779296875,33.28432846069336
2025-03-31,221.1660614013672,190.25999450683594,154.10565185546875,372.5379943847656,259.1600036621094,33.4433479309082
2025-04-01,222.22146606445312,192.1699981689453,156.52725219726562,379.286376953125,268.4599914550781,33.41353225708008
2025-04-02,222.91842651367188,196.00999450683594,156.49734497070312,379.2367248535156,282.760009765625,33.67193603515625
2025-04-03,202.30825805664062,178.41000366210938,150.19918823242188,370.2752990722656,267.2799987792969,32.04200744628906
2025-04-04,187.56253051757812,171.0,145.09689331054688,357.10614013671875,239.42999267578125,30.42201805114746
2025-04-07,180.6725616455078,175.25999450683594,146.24290466308594,355.14117431640625,233.2899932861328,30.03441047668457
2025-04-08,171.67178344726562,170.66000366210938,144.19998168945312,351.8662414550781,221.86000061035156,29.706439971923828
2025-04-09,197.98709106445312,191.10000610351562,158.1615753173828,387.52325439453125,272.20001220703125,31.793542861938477
2025-04-10,189.5936737060547,181.22000122070312,152.29196166992188,378.4527282714844,252.39999389648438,30.66054344177246
2025-04-11,197.2901153564453,184.8699951171875,156.59701538085938,385.4987487792969,252.30999755859375,31.157470703125
2025-04-14,201.64117431640625,182.1199951171875,158.52035522460938,384.8636169433594,252.35000610351562,31.455631256103516
2025-04-15,201.2628173828125,179.58999633789062,155.76986694335938,382.7994079589844,254.11000061035156,31.72397232055664
2025-04-16,193.42697143554688,174.3300018310547,152.8001708984375,368.78668212890625,241.5500030517578,31.236980438232422
2025-04-17,196.1251983642578,172.61000061035156,150.63766479492188,364.9858093261719,241.3699951171875,31.376121520996094
2025-04-21,192.32177734375,167.32000732421875,147.1597442626953,356.3916015625,227.5,30.9189453125
2025-04-22,198.8732452392578,173.17999267578125,150.94659423828125,364.0330810546875,237.97000122070312,31.515262603759766
2025-04-23,203.712158203125,180.60000610351562,154.8131866455078,371.5456237792969,250.74000549316406,31.962495803833008
2025-04-24,207.4657745361328,186.5399932861328,158.7296142578125,384.35748291015625,259.510009765625,32.39979553222656
2025-04-25,208.371826171875,188.99000549316406,161.4003448486328,388.8729553222656,284.95001220703125,32.51905822753906
2025-04-28,209.2281036376953,187.6999969482422,160.05502319335938,388.18817138671875,285.8800048828125,32.54887390136719
2025-04-29,210.29345703125,187.38999938964844,159.6065673828125,391.0462951660156,292.0299987792969,32.72776794433594
2025-04-30,211.57785034179688,184.4199981689453,158.2512664794922,392.25701904296875,282.1600036621094,32.60850524902344
2025-05-01,212.39431762695312,190.1999969482422,160.7426300048828,422.1680603027344,280.5199890136719,32.777462005615234
2025-05-02,204.45889282226562,189.97999572753906,163.46319580078125,431.9729919433594,287.2099914550781,33.219730377197266
2025-05-05,198.02691650390625,186.35000610351562,163.64259338378906,432.85626220703125,280.260009765625,33.12531280517578
2025-05-06,197.64854431152344,185.00999450683594,162.66595458984375,430.0179443359375,275.3500061035156,32.93151092529297
2025-05-07,195.3983612060547,188.7100067138672,150.85691833496094,430.0576477050781,276.2200012207031,33.10543441772461
2025-05-08,196.63299560546875,192.0800018310547,153.7468719482422,434.8410339355469,284.82000732421875,33.41353225708008
2025-05-09,197.66848754882812,193.05999755859375,152.22218322753906,435.3967590332031,298.260009765625,33.48310089111328
2025-05-12,210.15048217773438,208.63999938964844,157.91246032714844,445.8467712402344,318.3800048828125,34.208614349365234
2025-05-13,212.28399658203125,211.3699951171875,158.97872924804688,445.72772216796875,334.07000732421875,34.298065185546875
2025-05-14,211.68582153320312,210.25,164.79855346679688,449.4988098144531,347.67999267578125,34.34775924682617
2025-05-15,210.80848693847656,205.1699981689453,163.39344787597656,450.512939453125,342.82000732421875,34.54652786254883
2025-05-16,210.6190643310547,205.58999633789062,165.61572265625,451.6463317871094,349.9800109863281,34.74530029296875
2025-05-19,208.14657592773438,206.16000366210938,165.96450805664062,456.2197570800781,342.0899963378906,
2025-05-20,206.232421875,204.07000732421875,163.41336059570312,455.5238342285156,343.82000732421875,34.74530029296875
2025-05-21,201.4768829345703,201.1199951171875,167.9775390625,449.9561767578125,334.6199951171875,34.26824951171875
2025-05-22,200.7490997314453,203.10000610351562,170.27955627441406,452.23291015625,341.0400085449219,34.22849655151367
2025-05-23,194.67758178710938,200.99000549316406,167.88784790039062,447.5799560546875,339.3399963378906,33.93033981323242
2025-05-26,,,,,,34.45708465576172
2025-05-27,199.60260009765625,206.02000427246094,172.30255126953125,458.0292663574219,362.8900146484375,34.66579055786133
2025-05-28,199.81195068359375,204.72000122070312,171.764404296875,454.7184753417969,356.8999938964844,34.50677490234375
2025-05-29,199.3433837890625,205.6999969482422,171.26614379882812,456.0308837890625,358.42999267578125,34.52665328979492
2025-05-30,200.24066162109375,205.00999450683594,171.14657592773438,457.7011413574219,346.4599914550781,34.38751220703125
2025-06-02,201.08807373046875,206.64999389648438,168.44590759277344,459.3018493652344,342.69000244140625,34.55646514892578
2025-06-03,202.65330505371094,205.7100067138672,165.60577392578125,460.2961120605469,344.2699890136719,34.655853271484375
2025-06-04,202.20468139648438,207.22999572753906,167.4693145751953,461.19091796875,332.04998779296875,34.62603759765625
2025-06-05,200.02133178710938,207.91000366210938,167.62875366210938,464.9788818359375,284.70001220703125,34.50677490234375
2025-06-06,203.30133056640625,213.57000732421875,173.079833984375,467.6632995605469,295.1400146484375,34.79996109008789
2025-06-09,200.83883666992188,216.97999572753906,175.69395446777344,470.0196228027344,308.5799865722656,34.78505325317383
2025-06-10,202.05511474609375,217.61000061035156,178.1983184814453,468.2001647949219,326.0899963378906,34.904319763183594
2025-06-11,198.1769256591797,213.1999969482422,176.9511260986328,469.890380859375,326.42999267578125,34.864566802978516
2025-06-12,198.5956573486328,213.24000549316406,175.30484008789062,476.104248046875,319.1099853515625,34.904319763183594
2025-06-13,195.85398864746094,212.10000610351562,174.2771453857422,472.21685791015625,325.30999755859375,34.50677490234375
2025-06-16,197.81802368164062,216.10000610351562,176.3724365234375,476.3727111816406,329.1300048828125,34.70554733276367
2025-06-17,195.0464630126953,214.82000732421875,175.55426025390625,475.279052734375,316.3500061035156,34.566410064697266
2025-06-18,195.9835968017578,212.52000427246094,172.93020629882812,477.4663391113281,322.04998779296875,34.715484619140625
2025-06-19,,,,,,34.66579055786133
2025-06-20,200.39019775390625,209.69000244140625,166.26522827148438,474.64276123046875,322.1600036621094,34.62603759765625
2025-06-23,200.888671875,208.47000122070312,164.8184814453125,483.19305419921875,348.67999267578125,34.904319763183594
2025-06-24,199.6923065185547,212.77000427246094,166.39492797851562,487.279296875,340.4700012207031,35.24223327636719
2025-06-25,200.94850158691406,211.99000549316406,170.29612731933594,489.4268493652344,327.54998779296875,35.11906051635742
2025-06-26,200.39019775390625,217.1199951171875,173.14968872070312,494.57696533203125,325.7799987792969,35.25925827026367
2025-06-27,200.46995544433594,223.3000030517578,178.1284637451172,493.0756530761719,323.6300048828125,35.53964614868164
2025-06-30,204.5475311279297,219.38999938964844,175.83364868164062,494.53717041015625,317.6600036621094,35.51961898803711
2025-07-01,207.1894989013672,220.4600067138672,175.4445343017578,489.2081298828125,300.7099914550781,
2025-07-02,211.7954864501953,219.9199981689453,178.23822021484375,488.253662109375,315.6499938964844,35.57970428466797
2025-07-03,212.90213012695312,223.41000366210938,179.126220703125,495.95892333984375,315.3500061035156,35.800010681152344
2025-07-04,,,,,,35.85007858276367
2025-07-07,209.3130340576172,223.47000122070312,176.3923797607422,494.8454284667969,293.94000244140625,35.669830322265625
2025-07-08,209.3728485107422,219.36000061035156,173.9678497314453,493.75177001953125,297.80999755859375,35.72991180419922
2025-07-09,210.4994354248047,222.5399932861328,176.2227783203125,500.60198974609375,295.8800048828125,35.93019485473633
2025-07-10,211.76556396484375,222.25999450683594,177.2205047607422,498.58367919921875,309.8699951171875,35.970245361328125
2025-07-11,210.51937866210938,225.02000427246094,179.7847442626953,500.4130859375,313.510009765625,35.840065002441406
2025-07-14,207.98707580566406,225.69000244140625,181.1516571044922,500.1147766113281,316.8999938964844,35.95522689819336
2025-07-15,208.4755859375,226.35000610351562,181.59068298339844,502.89862060546875,310.7799987792969,35.800010681152344
2025-07-16,209.5224151611328,223.19000244140625,182.55848693847656,502.69976806640625,321.6700134277344,35.85508728027344
2025-07-17,209.38284301757812,223.8800048828125,183.16712951660156,508.7446594238281,319.4100036621094,36.1805419921875
2025-07-18,210.539306640625,226.1300048828125,184.64378356933594,507.1041564941406,329.6499938964844,36.08540725708008
2025-07-21,211.83535766601562,229.3000030517578,189.67245483398438,507.1141357421875,328.489990234375,36.08540725708008
2025-07-22,213.74954223632812,227.47000122070312,190.90966796875,502.35174560546875,332.1099853515625,36.02031707763672
2025-07-23,213.5002899169922,228.2899932861328,189.80215454101562,502.94830322265625,332.55999755859375,36.36079406738281
2025-07-24,213.11148071289062,232.22999572753906,191.73780822753906,507.9294128417969,305.29998779296875,36.39083480834961
2025-07-25,213.23110961914062,231.44000244140625,192.74551391601562,510.7430419921875,316.05999755859375,36.59111404418945
2025-07-28,213.40061950683594,232.7899932861328,192.14688110351562,509.5400390625,325.5899963378906,36.45092010498047
2025-07-29,210.62904357910156,231.00999450683594,195.3097381591797,509.609619140625,321.20001220703125,36.51100158691406
2025-07-30,208.415771484375,230.19000244140625,196.08799743652344,510.2757873535156,319.0400085449219,36.49097442626953
2025-07-31,206.94027709960938,234.11000061035156,191.46839904785156,530.4187622070312,308.2699890136719,36.330753326416016
2025-08-01,201.76602172851562,214.75,188.70465087890625,521.0829467773438,302.6300048828125,35.830055236816406
2025-08-04,202.7330780029297,211.64999389648438,194.60133361816406,532.54638671875,309.260009765625,
2025-08-05,202.3043670654297,213.75,194.232177734375,524.7019653320312,308.7200012207031,36.310726165771484
2025-08-06,212.60302734375,222.30999755859375,195.64898681640625,521.908203125,319.9100036621094,36.521018981933594
2025-08-07,219.36245727539062,223.1300048828125,196.07801818847656,517.8319091796875,322.2699890136719,36.55105972290039
2025-08-08,228.65420532226562,222.69000244140625,200.9669952392578,519.02490234375,329.6499938964844,36.72129821777344
2025-08-11,226.74781799316406,221.3000030517578,200.54794311523438,518.7564697265625,339.0299987792969,36.70126724243164
2025-08-12,229.21310424804688,221.47000122070312,202.88267517089844,526.183349609375,340.8399963378906,37.09181594848633
2025-08-13,232.88612365722656,224.55999755859375,201.5057830810547,517.5734252929688,339.3800048828125,37.23200988769531
2025-08-14,232.33717346191406,230.97999572753906,202.48358154296875,519.46240234375,335.5799865722656,37.262054443359375
2025-08-15,231.1494140625,231.02999877929688,203.44142150878906,517.1657104492188,330.55999755859375,37.262054443359375
2025-08-18,230.45074462890625,231.49000549316406,203.0423126220703,514.1134643554688,335.1600036621094,37.262054443359375
2025-08-19,230.1213836669922,228.00999450683594,201.11666870117188,506.8257751464844,329.30999755859375,37.24202346801758
2025-08-20,225.5800323486328,223.80999755859375,198.87173461914062,502.7991943359375,323.8999938964844,37.25204086303711
2025-08-21,224.47213745117188,221.9499969482422,199.3007354736328,502.15185546875,320.1099853515625,37.27206802368164
2025-08-22,227.3267059326172,228.83999633789062,205.62648010253906,505.1295166015625,340.010009765625,37.67262649536133
2025-08-25,226.7278594970703,227.94000244140625,208.02110290527344,502.17181396484375,346.6000061035156,37.47234344482422
2025-08-26,228.87376403808594,228.7100067138672,206.67413330078125,499.96099853515625,351.6700134277344,37.54244613647461
2025-08-27,230.05152893066406,229.1199951171875,207.01336669921875,504.64154052734375,349.6000061035156,37.48236083984375
2025-08-28,232.11758422851562,231.60000610351562,211.1640167236328,507.529541015625,345.9800109863281,37.52241516113281
2025-08-29,231.69837951660156,229.0,212.43116760253906,504.59173583984375,333.8699951171875,37.352176666259766
2025-09-02,229.28298950195312,225.33999633789062,210.87466430664062,503.0282287597656,329.3599853515625,37.28207778930664
2025-09-03,238.01634216308594,225.99000549316406,230.14122009277344,503.2572937011719,334.0899963378906,37.43229293823242
2025-09-04,239.3238525390625,235.67999267578125,231.77755737304688,505.866455078125,338.5299987792969,37.74272537231445
2025-09-05,239.2340087890625,232.3300018310547,234.47146606445312,492.9501647949219,350.8399963378906,37.88291931152344
2025-09-08,237.42745971679688,235.83999633789062,233.72247314453125,496.13690185546875,346.3999938964844,37.95301818847656
2025-09-09,233.9041748046875,238.24000549316406,239.30491638183594,496.34600830078125,346.9700012207031,38.073184967041016
2025-09-10,226.35855102539062,230.3300018310547,238.84552001953125,498.29791259765625,347.7900085449219,38.18334197998047
2025-09-11,229.59239196777344,229.9499969482422,240.0438995361328,498.9352722167969,368.80999755859375,38.46372985839844
2025-09-12,233.62472534179688,228.14999389648438,240.4733123779297,507.7884521484375,395.94000244140625,38.39363098144531
2025-09-15,236.24969482421875,231.42999267578125,251.26864624023438,513.225830078125,410.0400085449219,38.443702697753906
2025-09-16,237.6969451904297,234.0500030517578,250.8192596435547,506.9320068359375,421.6199951171875,38.31352233886719
2025-09-17,238.5353546142578,231.6199951171875,249.19146728515625,507.9079284667969,425.8599853515625,38.31352233886719
2025-09-18,237.42745971679688,231.22999572753906,251.68807983398438,506.3444519042969,416.8500061035156,38.56386947631836
2025-09-19,245.032958984375,231.47999572753906,254.3744354248047,515.7852172851562,426.07000732421875,38.66401290893555
2025-09-22,255.5928192138672,227.6300048828125,252.18739318847656,512.3196411132812,434.2099914550781,38.91936492919922
2025-09-23,253.9459686279297,220.7100067138672,251.31858825683594,507.1212463378906,425.8500061035156,38.8042106628418
2025-09-24,251.8300018310547,220.2100067138672,246.80470275878906,508.0373840332031,442.7900085449219,38.77408981323242
2025-09-25,256.3813171386719,218.14999389648438,245.45654296875,504.9303283691406,423.3900146484375,38.6837272644043
2025-09-26,254.97401428222656,219.77999877929688,246.2055206298828,509.3419494628906,440.3999938964844,38.849388122558594
2025-09-29,253.9459686279297,222.1699981689453,243.71890258789062,512.4689331054688,443.2099914550781,38.97990417480469
2025-09-30,254.14559936523438,219.57000732421875,242.77020263671875,515.8051147460938,444.7200012207031,39.105403900146484
2025-10-01,254.9640350341797,220.6300048828125,244.5677490234375,517.5578002929688,459.4599914550781,39.35639953613281
2025-10-02,256.6408386230469,222.41000366210938,245.35667419433594,513.6041870117188,436.0,39.441741943359375
2025-10-03,257.5291442871094,219.50999450683594,245.01715087890625,515.20751953125,429.8299865722656,39.63751983642578
2025-10-06,256.2016906738281,220.89999389648438,250.09024047851562,526.3811645507812,453.25,39.74795913696289
2025-10-07,255.99208068847656,221.77999877929688,245.42657470703125,521.8101196289062,433.0899963378906,39.51704025268555
2025-10-08,257.5690612792969,225.22000122070312,244.2881317138672,522.676513671875,438.69000244140625,39.72787857055664
2025-10-09,253.55670166015625,227.74000549316406,241.2023162841797,520.2366943359375,435.5400085449219,39.63751983642578
2025-10-10,244.80340576171875,216.3699951171875,236.2490692138672,508.84405517578125,413.489990234375,38.73392868041992
2025-10-13,247.18885803222656,220.07000732421875,243.81875610351562,511.9212646484375,435.8999938964844,
2025-10-14,247.29864501953125,216.38999938964844,245.1169891357422,511.4432067871094,429.239990234375,39.41664123535156
2025-10-15,248.8656463623047,215.57000732421875,250.68942260742188,511.3038330078125,435.1499938964844,39.667640686035156
2025-10-16,246.979248046875,214.47000122070312,251.1188507080078,509.4913330078125,428.75,39.532100677490234
2025-10-17,251.81002807617188,213.0399932861328,252.9563446044922,511.4532165527344,439.30999755859375,39.42668151855469
2025-10-20,261.7411193847656,216.47999572753906,256.2019348144531,514.6498413085938,447.42999267578125,39.868438720703125
2025-10-21,262.2701110839844,222.02999877929688,250.12020874023438,515.5162963867188,442.6000061035156,39.567237854003906
2025-10-22,257.9583435058594,217.9499969482422,251.34854125976562,518.3843383789062,438.9700012207031,39.41664123535156
2025-10-23,259.0861511230469,221.08999633789062,252.73666381835938,518.404296875,448.9800109863281,39.64755630493164
2025-10-24,262.32000732421875,224.2100067138672,259.5673828125,521.441650390625,433.7200012207031,39.91361618041992
2025-10-27,268.2986145019531,226.97000122070312,268.9046630859375,529.3189697265625,452.4200134277344,40.17465591430664
2025-10-28,268.4882507324219,229.25,267.1071472167969,539.8251953125,460.54998779296875,40.11943435668945
2025-10-29,269.1869201660156,230.3000030517578,274.197509765625,539.3073120117188,461.510009765625,39.978878021240234
2025-10-30,270.8836669921875,222.86000061035156,281.09814453125,523.582763671875,440.1000061035156,39.83831787109375
2025-10-31,269.85565185546875,244.22000122070312,280.8085021972656,515.6656494140625,456.55999755859375,39.98891830444336
2025-11-03,268.53814697265625,254.0,283.3350830078125,514.888916015625,468.3699951171875,40.07927322387695
2025-11-04,269.5262756347656,249.32000732421875,277.1634521484375,512.2001342773438,444.260009765625,39.64755630493164
2025-11-05,269.6260986328125,250.1999969482422,283.92425537109375,505.0597839355469,462.07000732421875,39.90859603881836
2025-11-06,269.25677490234375,243.0399932861328,284.3636779785156,495.04144287109375,445.9100036621094,39.63751983642578
2025-11-07,267.9592590332031,244.41000366210938,278.45172119140625,494.7626037597656,429.5199890136719,39.5371208190918
2025-11-10,269.1781311035156,248.39999389648438,289.7064208984375,503.90460205078125,445.2300109863281,40.029075622558594
2025-11-11,274.99267578125,249.10000610351562,290.914794921875,506.573486328125,439.6199951171875,40.124454498291016
2025-11-12,273.21435546875,244.1999969482422,286.3210144042969,509.0233154296875,430.6000061035156,40.3101921081543
2025-11-13,272.6948547363281,237.5800018310547,278.19207763671875,501.205810546875,401.989990234375,39.778076171875
2025-11-14,272.15533447265625,234.69000244140625,276.0350036621094,508.0672912597656,404.3500061035156,39.768035888671875
2025-11-17,267.2099609375,232.8699951171875,284.63330078125,505.388427734375,408.9200134277344,39.40660095214844
2025-11-18,267.19000244140625,222.5500030517578,283.8943176269531,491.74517822265625,401.25,39.0050048828125
2025-11-19,268.3089294433594,222.69000244140625,292.4127502441406,485.102783203125,403.989990234375,39.256004333496094
2025-11-20,266.0010986328125,217.13999938964844,289.05731201171875,477.3404846191406,395.2300109863281,38.77910614013672
2025-11-21,271.2361755371094,220.69000244140625,299.25347900390625,471.04486083984375,391.0899963378906,39.145565032958984
2025-11-24,275.6620788574219,226.27999877929688,318.14776611328125,472.92059326171875,417.7799987792969,39.667640686035156
2025-11-25,276.7110900878906,229.6699981689453,323.0011901855469,475.90374755859375,419.3999938964844,40.0591926574707
2025-11-26,277.29052734375,229.16000366210938,319.5159606933594,484.3943786621094,426.5799865722656,40.27003479003906
2025-11-27,,,,,,40.56119155883789
2025-11-28,278.5893249511719,233.22000122070312,319.7456359863281,490.88958740234375,430.1700134277344,40.50094985961914
2025-12-01,282.8353576660156,233.8800048828125,314.46282958984375,485.6315612792969,430.1400146484375,40.13951110839844
2025-12-02,285.9224548339844,234.4199981689453,315.38153076171875,488.8841552734375,429.239990234375,40.17967224121094
2025-12-03,283.8843688964844,232.3800048828125,319.19635009765625,476.64208984375,446.739990234375,40.28007125854492
2025-12-04,280.4375915527344,229.11000061035156,317.1890869140625,479.7449951171875,454.5299987792969,40.440711975097656
2025-12-05,278.5193786621094,229.52999877929688,320.8341064453125,482.0597229003906,455.0,40.15959548950195
2025-12-08,277.6302185058594,226.88999938964844,313.49932861328125,489.9018249511719,439.5799865722656,40.09935760498047
2025-12-09,276.9208679199219,227.9199981689453,316.85693359375,490.8995361328125,445.1700134277344,40.07927322387695
2025-12-10,278.5193786621094,231.77999877929688,319.9847412109375,477.4701843261719,451.45001220703125,40.29011154174805
2025-12-11,277.77008056640625,230.27999877929688,312.210205078125,482.3690185546875,446.8900146484375,40.380470275878906
2025-12-12,278.0198669433594,226.19000244140625,309.07244873046875,477.4402770996094,458.9599914550781,40.08931350708008
2025-12-15,273.8537292480469,222.5399932861328,308.003173828125,473.73870849609375,475.30999755859375,40.09935760498047
2025-12-16,274.353271484375,222.55999755859375,306.3543395996094,475.3051452636719,489.8800048828125,39.868438720703125
2025-12-17,271.58587646484375,221.27000427246094,296.5112609863281,475.0357360839844,467.260009765625,39.63751983642578
2025-12-18,271.935546875,226.75999450683594,302.2472229003906,482.87786865234375,483.3699951171875,39.92867660522461
2025-12-19,273.4141845703125,227.35000610351562,306.9439392089844,484.8134460449219,481.20001220703125,40.29011154174805
2025-12-22,270.7166748046875,228.42999267578125,309.56207275390625,483.81573486328125,488.7300109863281,40.450748443603516
2025-12-23,272.1053771972656,232.13999938964844,314.1288757324219,485.7413330078125,485.55999755859375,40.47083282470703
2025-12-24,273.55401611328125,232.3800048828125,313.8690490722656,486.90863037109375,485.3999938964844,40.48086929321289
2025-12-26,273.1444091796875,232.52000427246094,313.2894592285156,486.599365234375,475.19000244140625,
2025-12-29,273.50408935546875,232.07000732421875,313.33941650390625,485.9907531738281,459.6400146484375,40.420631408691406
2025-12-30,272.82470703125,232.52999877929688,313.6292419433594,486.3699035644531,454.42999267578125,40.04999923706055
2025-12-31,271.6058349609375,230.82000732421875,312.7798156738281,482.5186767578125,449.7200012207031,39.88999938964844
2026-01-02,270.75665283203125,226.5,314.9283142089844,471.8630065917969,438.07000732421875,40.15999984741211
2026-01-05,267.0101623535156,233.05999755859375,316.3173522949219,471.773193359375,451.6700134277344,40.59000015258789
2026-01-06,262.1147155761719,240.92999267578125,314.1188659667969,477.4203186035156,432.9599914550781,40.90999984741211
2026-01-07,260.08660888671875,241.55999755859375,321.7535095214844,482.3690185546875,431.4100036621094,40.83000183105469
2026-01-08,258.7978515625,246.2899932861328,325.2110595703125,477.0212097167969,435.79998779296875,40.93000030517578
2026-01-09,259.1275329589844,247.3800048828125,328.3388671875,478.1885681152344,445.010009765625,41.34000015258789
2026-01-12,260.0067138671875,246.47000122070312,331.62652587890625,476.09332275390625,448.9599914550781,41.470001220703125
2026-01-13,260.8059387207031,242.60000610351562,335.7336730957031,469.5981750488281,447.20001220703125,41.380001068115234
2026-01-14,259.71697998046875,236.64999389648438,335.603759765625,458.3338928222656,439.20001220703125,41.36000061035156
2026-01-15,257.9685974121094,238.17999267578125,332.5458984375,455.6200866699219,438.57000732421875,41.4900016784668
2026-01-16,255.29112243652344,239.1199951171875,329.7678527832031,458.8127746582031,437.5,41.560001373291016
2026-01-19,,,,,,41.5
2026-01-20,246.46937561035156,231.0,321.77349853515625,453.48492431640625,419.25,40.7599983215332
2026-01-21,247.41848754882812,231.30999755859375,328.1490173339844,443.0986328125,431.44000244140625,41.13999938964844
2026-01-22,248.1178436279297,234.33999633789062,330.3074951171875,450.1126403808594,449.3599853515625,41.22999954223633
2026-01-23,247.80812072753906,239.16000366210938,327.6993103027344,464.888916015625,449.05999755859375,41.150001525878906
2026-01-26,255.17123413085938,238.4199981689453,333.02557373046875,469.20904541015625,435.20001220703125,41.310001373291016
2026-01-27,258.0285339355469,244.67999267578125,334.31463623046875,479.485595703125,430.8999938964844,41.290000915527344
2026-01-28,256.2002868652344,243.00999450683594,335.7736511230469,480.533203125,431.4599914550781,41.16999816894531
2026-01-29,258.0385437011719,241.72999572753906,338.0120544433594,432.5128173828125,416.55999755859375,40.970001220703125
2026-01-30,259.2374267578125,239.3000030517578,337.7622375488281,429.31011962890625,430.4100036621094,40.650001525878906
2026-02-02,269.7575988769531,242.9600067138672,343.4482421875,422.4058837890625,421.80999755859375,41.029998779296875
2026-02-03,269.22808837890625,238.6199951171875,339.47100830078125,410.2735595703125,421.9599914550781,40.900001525878906
2026-02-04,276.23150634765625,232.99000549316406,332.80572509765625,413.2467956542969,406.010009765625,40.92499923706055
2026-02-05,275.6520690917969,222.69000244140625,331.0169677734375,392.7735290527344,397.2099914550781,40.45000076293945
2026-02-06,277.8599853515625,210.32000732421875,322.63287353515625,400.22650146484375,411.1099853515625,41.15999984741211
2026-02-09,274.6199951171875,208.72000122070312,324.09185791015625,412.65814208984375,417.32000732421875,41.400001525878906
2026-02-10,273.67999267578125,206.9600067138672,318.3558654785156,412.328857421875,425.2099914550781,41.45500183105469
2026-02-11,275.5,204.0800018310547,310.7412414550781,403.4491271972656,428.2699890136719,41.58000183105469
2026-02-12,261.7300109863281,199.60000610351562,308.7826232910156,400.9248962402344,417.07000732421875,41.02000045776367
2026-02-13,255.77999877929688,198.7899932861328,305.50494384765625,400.4060974121094,417.44000244140625,41.27000045776367
2026-02-17,263.8800048828125,201.14999389648438,301.8075256347656,395.95623779296875,410.6300048828125,41.279998779296875
2026-02-18,264.3500061035156,204.7899932861328,303.1166076660156,398.69000244140625,411.32000732421875,41.66999816894531
2026-02-19,260.5799865722656,204.86000061035156,302.636962890625,398.4599914550781,411.7099914550781,41.66999816894531
2026-02-20,264.5799865722656,210.11000061035156,314.7584228515625,397.2300109863281,411.82000732421875,41.9900016784668
2026-02-23,266.17999267578125,205.27000427246094,311.2708740234375,384.4700012207031,399.8299865722656,41.7400016784668
2026-02-24,272.1400146484375,208.55999755859375,310.6813049316406,389.0,409.3800048828125,42.0
2026-02-25,274.2300109863281,210.63999938964844,312.67987060546875,400.6000061035156,417.3999938964844,42.27000045776367
2026-02-26,272.95001220703125,207.9199981689453,307.1637878417969,401.7200012207031,408.5799865722656,42.29999923706055
2026-02-27,264.17999267578125,210.0,311.54071044921875,392.739990234375,402.510009765625,42.040000915527344
2026-03-02,264.7200012207031,208.38999938964844,306.3043518066406,398.54998779296875,403.32000732421875,41.959999084472656
2026-03-03,263.75,208.72999572753906,303.3664245605469,403.92999267578125,392.42999267578125,41.11000061035156
2026-03-04,262.5199890136719,216.82000732421875,302.9167785644531,405.20001220703125,405.94000244140625,41.375
2026-03-05,260.2900085449219,218.94000244140625,300.6683349609375,410.67999267578125,405.54998779296875,40.939998626708984
2026-03-06,257.4599914550781,213.2100067138672,298.30999755859375,408.9599914550781,396.7300109863281,40.2400016784668
2026-03-09,259.8800048828125,213.49000549316406,306.3599853515625,409.4100036621094,398.67999267578125,40.5
2026-03-10,260.8299865722656,214.3300018310547,307.0400085449219,405.760009765625,399.239990234375,40.540000915527344
2026-03-11,260.80999755859375,212.64999389648438,308.70001220703125,404.8800048828125,407.82000732421875,40.459999084472656
2026-03-12,255.75999450683594,209.52999877929688,303.54998779296875,401.8599853515625,395.010009765625,39.970001220703125
2026-03-13,250.1199951171875,207.6699981689453,302.2799987792969,395.54998779296875,391.20001220703125,39.85499954223633
2026-03-16,252.82000732421875,211.74000549316406,305.55999755859375,399.95001220703125,395.55999755859375,40.26499938964844
2026-03-17,254.22999572753906,215.1999969482422,310.9200134277344,399.4100036621094,399.2699890136719,40.439998626708984
